draws,europa,ga,games,gd,gf,last.sim.ind,losses,points,position,position_avg,relegated,season,sim.date,sim.date.number,team,ucl,winner,wins
4.6,0.03,22.25,38.0,77.21,99.46,0.0,3.39,94.63,1,1.64,0.0,2025-26,2025-08-14,1,Chelsea FC,0.97,0.64,30.01
6.23,0.06,33.06,38.0,53.53,86.59,0.0,5.91,83.81,2,3.35,0.0,2025-26,2025-08-14,1,Manchester City FC,0.82,0.14,25.86
6.26,0.13,31.83,38.0,56.31,88.14,0.0,5.91,83.75,3,3.25,0.0,2025-26,2025-08-14,1,Arsenal FC,0.77,0.12,25.83
6.93,0.14,39.64,38.0,40.15,79.79,0.0,7.99,76.17,4,4.79,0.0,2025-26,2025-08-14,1,Liverpool FC,0.53,0.04,23.08
7.13,0.16,47.2,38.0,25.08,72.28,0.0,10.98,66.8,5,6.65,0.01,2025-26,2025-08-14,1,AFC Bournemouth,0.24,0.02,19.89
7.32,0.09,51.15,38.0,17.53,68.68,0.0,12.1,63.06,6,7.82,0.0,2025-26,2025-08-14,1,Manchester United FC,0.21,0.02,18.58
7.35,0.07,55.6,38.0,6.87,62.47,0.0,14.05,57.15,7,9.2,0.01,2025-26,2025-08-14,1,Nottingham Forest FC,0.1,0.0,16.6
7.07,0.09,57.1,38.0,6.84,63.94,0.0,14.25,57.11,8,9.02,0.02,2025-26,2025-08-14,1,Aston Villa FC,0.12,0.02,16.68
7.39,0.06,58.67,38.0,0.84,59.51,0.0,15.09,53.95,9,10.03,0.01,2025-26,2025-08-14,1,Tottenham Hotspur FC,0.06,0.0,15.52
7.37,0.05,59.38,38.0,0.93,60.31,0.0,15.11,53.93,10,10.12,0.06,2025-26,2025-08-14,1,Everton FC,0.03,0.0,15.52
7.94,0.03,64.07,38.0,-7.94,56.13,0.0,16.35,49.07,11,11.24,0.01,2025-26,2025-08-14,1,Brentford FC,0.05,0.0,13.71
7.42,0.0,63.86,38.0,-7.92,55.94,0.0,16.91,48.43,12,11.48,0.05,2025-26,2025-08-14,1,Newcastle United FC,0.05,0.0,13.67
7.69,0.03,63.35,38.0,-8.42,54.93,0.0,16.99,47.65,13,11.89,0.05,2025-26,2025-08-14,1,West Ham United FC,0.0,0.0,13.32
7.38,0.06,65.57,38.0,-11.39,54.18,0.0,17.49,46.77,14,12.14,0.06,2025-26,2025-08-14,1,Fulham FC,0.03,0.0,13.13
7.08,0.0,69.49,38.0,-18.8,50.69,0.0,18.78,43.5,15,12.88,0.14,2025-26,2025-08-14,1,Crystal Palace FC,0.01,0.0,12.14
7.45,0.0,72.6,38.0,-25.41,47.19,0.0,19.89,39.43,16,14.01,0.2,2025-26,2025-08-14,1,Brighton & Hove Albion FC,0.01,0.0,10.66
6.68,0.0,83.34,38.0,-46.21,37.13,0.0,23.95,28.79,17,16.86,0.51,2025-26,2025-08-14,1,Wolverhampton Wanderers FC,0.0,0.0,7.37
6.25,0.0,84.16,38.0,-47.38,36.78,0.0,24.48,28.06,18,17.34,0.49,2025-26,2025-08-14,1,Burnley FC,0.0,0.0,7.27
6.53,0.0,83.85,38.0,-48.23,35.62,0.0,24.53,27.35,19,17.43,0.54,2025-26,2025-08-14,1,Leeds United AFC,0.0,0.0,6.94
5.91,0.0,92.52,38.0,-63.59,28.93,0.0,26.86,21.6,20,18.86,0.84,2025-26,2025-08-14,1,Sunderland AFC,0.0,0.0,5.23
5.3,0.04,26.95,38.0,68.15,95.1,0.0,4.47,89.99,1,2.06,0.0,2025-26,2025-08-15,2,Chelsea FC,0.94,0.41,28.23
5.58,0.06,33.5,38.0,57.57,91.07,0.0,5.98,84.9,2,2.81,0.0,2025-26,2025-08-15,2,Liverpool FC,0.84,0.26,26.44
6.53,0.16,35.27,38.0,49.12,84.39,0.0,6.73,80.75,3,3.43,0.0,2025-26,2025-08-15,2,Arsenal FC,0.71,0.19,24.74
7.16,0.08,39.67,38.0,39.47,79.14,0.0,8.1,75.38,4,4.43,0.0,2025-26,2025-08-15,2,Manchester City FC,0.65,0.1,22.74
7.48,0.08,53.62,38.0,11.32,64.94,0.0,13.13,59.65,5,8.58,0.0,2025-26,2025-08-15,2,Tottenham Hotspur FC,0.16,0.0,17.39
7.66,0.09,56.87,38.0,7.18,64.05,0.0,13.45,58.33,6,8.97,0.0,2025-26,2025-08-15,2,Brighton & Hove Albion FC,0.09,0.0,16.89
7.45,0.06,55.27,38.0,8.48,63.75,0.0,13.63,58.21,7,9.02,0.01,2025-26,2025-08-15,2,Manchester United FC,0.13,0.0,16.92
7.5,0.07,58.26,38.0,5.53,63.79,0.0,14.27,56.19,8,9.4,0.04,2025-26,2025-08-15,2,AFC Bournemouth,0.12,0.0,16.23
7.53,0.04,57.37,38.0,3.47,60.84,0.0,14.7,54.84,9,9.95,0.01,2025-26,2025-08-15,2,Fulham FC,0.06,0.01,15.77
7.5,0.05,58.88,38.0,2.22,61.1,0.0,14.79,54.63,10,9.92,0.02,2025-26,2025-08-15,2,Aston Villa FC,0.06,0.0,15.71
8.18,0.07,60.31,38.0,-1.22,59.09,0.0,15.07,52.43,11,10.65,0.0,2025-26,2025-08-15,2,Crystal Palace FC,0.07,0.01,14.75
7.41,0.06,61.12,38.0,-3.08,58.04,0.0,15.77,51.87,12,10.82,0.03,2025-26,2025-08-15,2,Everton FC,0.05,0.0,14.82
7.77,0.02,63.47,38.0,-9.1,54.37,0.0,16.63,48.57,13,11.85,0.07,2025-26,2025-08-15,2,Newcastle United FC,0.04,0.01,13.6
7.64,0.05,64.16,38.0,-7.42,56.74,0.0,16.77,48.41,14,11.92,0.06,2025-26,2025-08-15,2,Brentford FC,0.01,0.0,13.59
7.53,0.05,63.91,38.0,-7.72,56.19,0.0,17.08,47.7,15,12.13,0.09,2025-26,2025-08-15,2,West Ham United FC,0.04,0.01,13.39
8.3,0.02,66.04,38.0,-13.01,53.03,0.0,17.14,45.98,16,12.49,0.06,2025-26,2025-08-15,2,Nottingham Forest FC,0.03,0.0,12.56
6.69,0.0,82.5,38.0,-44.91,37.59,0.0,23.73,29.43,17,16.88,0.51,2025-26,2025-08-15,2,Wolverhampton Wanderers FC,0.0,0.0,7.58
6.12,0.0,86.37,38.0,-51.39,34.98,0.0,25.17,26.25,18,17.57,0.56,2025-26,2025-08-15,2,Leeds United AFC,0.0,0.0,6.71
6.65,0.0,85.58,38.0,-51.16,34.42,0.0,25.05,25.55,19,17.99,0.63,2025-26,2025-08-15,2,Burnley FC,0.0,0.0,6.3
5.62,0.0,92.07,38.0,-63.5,28.57,0.0,27.54,20.14,20,19.13,0.91,2025-26,2025-08-15,2,Sunderland AFC,0.0,0.0,4.84
5.23,0.05,26.24,38.0,68.25,94.49,0.0,4.46,90.16,1,2.29,0.0,2025-26,2025-08-16,3,Chelsea FC,0.93,0.32,28.31
5.78,0.06,26.95,38.0,65.42,92.37,0.0,4.62,88.58,2,2.58,0.0,2025-26,2025-08-16,3,Manchester City FC,0.9,0.31,27.6
5.83,0.08,31.15,38.0,60.55,91.7,0.0,5.38,86.2,3,3.03,0.0,2025-26,2025-08-16,3,Liverpool FC,0.85,0.22,26.79
6.43,0.16,33.6,38.0,54.01,87.61,0.0,6.41,81.91,4,3.69,0.0,2025-26,2025-08-16,3,Arsenal FC,0.68,0.14,25.16
6.92,0.21,41.85,38.0,34.8,76.65,0.0,9.4,71.96,5,5.63,0.0,2025-26,2025-08-16,3,Tottenham Hotspur FC,0.34,0.01,21.68
7.58,0.13,54.51,38.0,11.9,66.41,0.0,12.89,60.17,6,8.19,0.01,2025-26,2025-08-16,3,Manchester United FC,0.06,0.0,17.53
7.14,0.1,56.37,38.0,10.98,67.35,0.0,13.44,59.4,7,8.7,0.0,2025-26,2025-08-16,3,AFC Bournemouth,0.1,0.0,17.42
8.41,0.03,56.94,38.0,1.36,58.3,0.0,14.36,54.1,8,10.02,0.0,2025-26,2025-08-16,3,Aston Villa FC,0.04,0.0,15.23
7.57,0.03,59.89,38.0,1.45,61.34,0.0,14.99,53.89,9,9.94,0.0,2025-26,2025-08-16,3,Crystal Palace FC,0.03,0.0,15.44
7.45,0.04,62.2,38.0,-3.58,58.62,0.0,15.73,51.91,10,10.35,0.02,2025-26,2025-08-16,3,Everton FC,0.03,0.0,14.82
7.79,0.02,62.81,38.0,-6.56,56.25,0.0,16.21,49.79,11,11.07,0.01,2025-26,2025-08-16,3,Nottingham Forest FC,0.01,0.0,14.0
7.46,0.03,64.47,38.0,-7.78,56.69,0.0,16.77,48.77,12,11.17,0.03,2025-26,2025-08-16,3,Brentford FC,0.02,0.0,13.77
8.13,0.04,62.32,38.0,-8.91,53.41,0.0,16.38,48.6,13,11.49,0.04,2025-26,2025-08-16,3,Newcastle United FC,0.01,0.0,13.49
8.24,0.02,66.59,38.0,-15.44,51.15,0.0,18.06,43.34,14,12.84,0.08,2025-26,2025-08-16,3,Fulham FC,0.0,0.0,11.7
8.37,0.0,71.3,38.0,-22.98,48.32,0.0,18.96,40.38,15,13.68,0.15,2025-26,2025-08-16,3,Brighton & Hove Albion FC,0.0,0.0,10.67
7.14,0.0,73.6,38.0,-25.9,47.7,0.0,19.99,39.75,16,13.91,0.13,2025-26,2025-08-16,3,West Ham United FC,0.0,0.0,10.87
6.57,0.0,83.17,38.0,-46.14,37.03,0.0,23.87,29.25,17,16.85,0.4,2025-26,2025-08-16,3,Burnley FC,0.0,0.0,7.56
6.48,0.0,84.27,38.0,-49.32,34.95,0.0,24.74,26.82,18,17.61,0.55,2025-26,2025-08-16,3,Leeds United AFC,0.0,0.0,6.78
6.06,0.0,91.02,38.0,-59.95,31.07,0.0,26.18,23.34,19,18.24,0.72,2025-26,2025-08-16,3,Wolverhampton Wanderers FC,0.0,0.0,5.76
5.44,0.0,91.94,38.0,-62.16,29.78,0.0,27.15,21.67,20,18.72,0.86,2025-26,2025-08-16,3,Sunderland AFC,0.0,0.0,5.41
4.89,0.05,23.59,38.0,72.81,96.4,0.0,3.96,92.34,1,2.31,0.0,2025-26,2025-08-17,4,Arsenal FC,0.89,0.41,29.15
4.97,0.03,24.76,38.0,73.77,98.53,0.0,4.2,91.46,2,2.41,0.0,2025-26,2025-08-17,4,Manchester City FC,0.96,0.29,28.83
5.34,0.12,31.6,38.0,61.5,93.1,0.0,5.82,85.86,3,3.32,0.0,2025-26,2025-08-17,4,Liverpool FC,0.79,0.17,26.84
6.57,0.13,30.79,38.0,55.74,86.53,0.0,6.08,82.62,4,3.92,0.0,2025-26,2025-08-17,4,Chelsea FC,0.67,0.09,25.35
5.94,0.24,39.21,38.0,43.02,82.23,0.0,8.48,76.68,5,4.97,0.0,2025-26,2025-08-17,4,Tottenham Hotspur FC,0.37,0.03,23.58
6.29,0.25,41.11,38.0,37.45,78.56,0.0,8.81,74.99,6,5.5,0.0,2025-26,2025-08-17,4,Nottingham Forest FC,0.27,0.01,22.9
7.16,0.07,58.04,38.0,7.38,65.42,0.0,14.01,57.65,7,8.94,0.0,2025-26,2025-08-17,4,AFC Bournemouth,0.0,0.0,16.83
8.22,0.05,59.76,38.0,-1.05,58.71,0.0,15.06,52.38,8,10.0,0.01,2025-26,2025-08-17,4,Aston Villa FC,0.01,0.0,14.72
7.54,0.0,62.3,38.0,-4.19,58.11,0.0,15.9,51.22,9,10.69,0.03,2025-26,2025-08-17,4,Everton FC,0.02,0.0,14.56
7.09,0.01,63.35,38.0,-8.21,55.14,0.0,16.85,49.27,10,10.86,0.02,2025-26,2025-08-17,4,Manchester United FC,0.0,0.0,14.06
8.34,0.02,63.05,38.0,-8.29,54.76,0.0,16.2,48.72,11,11.01,0.01,2025-26,2025-08-17,4,Newcastle United FC,0.01,0.0,13.46
8.26,0.02,63.91,38.0,-9.65,54.26,0.0,16.59,47.71,12,11.43,0.06,2025-26,2025-08-17,4,Fulham FC,0.01,0.0,13.15
8.07,0.01,65.42,38.0,-13.46,51.96,0.0,17.15,46.41,13,11.55,0.02,2025-26,2025-08-17,4,Crystal Palace FC,0.0,0.0,12.78
8.21,0.0,68.81,38.0,-19.28,49.53,0.0,18.3,42.68,14,12.69,0.06,2025-26,2025-08-17,4,Brighton & Hove Albion FC,0.0,0.0,11.49
6.9,0.0,77.98,38.0,-33.88,44.1,0.0,21.38,36.06,15,14.48,0.21,2025-26,2025-08-17,4,Brentford FC,0.0,0.0,9.72
6.72,0.0,77.99,38.0,-37.2,40.79,0.0,22.38,33.42,16,15.42,0.27,2025-26,2025-08-17,4,West Ham United FC,0.0,0.0,8.9
6.66,0.0,83.38,38.0,-47.77,35.61,0.0,24.16,28.2,17,16.98,0.46,2025-26,2025-08-17,4,Burnley FC,0.0,0.0,7.18
6.26,0.0,84.98,38.0,-48.57,36.41,0.0,24.58,27.74,18,17.04,0.45,2025-26,2025-08-17,4,Leeds United AFC,0.0,0.0,7.16
5.79,0.0,90.8,38.0,-59.16,31.64,0.0,26.17,23.91,19,18.23,0.7,2025-26,2025-08-17,4,Sunderland AFC,0.0,0.0,6.04
5.92,0.0,91.1,38.0,-60.96,30.14,0.0,26.35,23.11,20,18.25,0.7,2025-26,2025-08-17,4,Wolverhampton Wanderers FC,0.0,0.0,5.73
4.47,0.05,24.21,38.0,70.19,94.4,0.0,4.7,90.96,1,2.55,0.0,2025-26,2025-08-18,5,Arsenal FC,0.88,0.31,28.83
5.35,0.1,26.16,38.0,71.69,97.85,0.0,4.47,89.89,2,2.59,0.0,2025-26,2025-08-18,5,Manchester City FC,0.88,0.32,28.18
6.44,0.16,27.36,38.0,63.08,90.44,0.0,4.83,86.63,3,3.3,0.0,2025-26,2025-08-18,5,Chelsea FC,0.77,0.15,26.73
5.09,0.13,31.1,38.0,62.48,93.58,0.0,5.88,86.18,4,3.32,0.0,2025-26,2025-08-18,5,Liverpool FC,0.76,0.14,27.03
5.9,0.2,38.52,38.0,45.35,83.87,0.0,8.32,77.24,5,4.97,0.0,2025-26,2025-08-18,5,Tottenham Hotspur FC,0.37,0.04,23.78
6.88,0.23,41.57,38.0,36.96,78.53,0.0,8.69,74.17,6,5.68,0.0,2025-26,2025-08-18,5,Nottingham Forest FC,0.25,0.04,22.43
7.24,0.04,57.1,38.0,7.9,65.0,0.0,13.99,57.55,7,8.87,0.01,2025-26,2025-08-18,5,AFC Bournemouth,0.03,0.0,16.77
8.02,0.04,58.27,38.0,0.06,58.33,0.0,14.77,53.65,8,9.72,0.0,2025-26,2025-08-18,5,Aston Villa FC,0.01,0.0,15.21
7.13,0.02,61.38,38.0,-5.47,55.91,0.0,16.31,50.81,9,10.5,0.0,2025-26,2025-08-18,5,Manchester United FC,0.01,0.0,14.56
8.05,0.0,61.49,38.0,-7.33,54.16,0.0,16.09,49.63,10,10.87,0.06,2025-26,2025-08-18,5,Newcastle United FC,0.02,0.0,13.86
7.89,0.01,64.32,38.0,-8.96,55.36,0.0,16.5,48.72,11,10.87,0.02,2025-26,2025-08-18,5,Fulham FC,0.0,0.0,13.61
8.44,0.02,64.23,38.0,-12.06,52.17,0.0,16.66,47.14,12,11.4,0.04,2025-26,2025-08-18,5,Crystal Palace FC,0.0,0.0,12.9
8.09,0.0,70.7,38.0,-22.73,47.97,0.0,18.64,41.9,13,13.07,0.15,2025-26,2025-08-18,5,Brighton & Hove Albion FC,0.01,0.0,11.27
6.45,0.0,70.44,38.0,-22.93,47.51,0.0,20.16,40.62,14,13.35,0.13,2025-26,2025-08-18,5,Everton FC,0.01,0.0,11.39
6.34,0.0,78.05,38.0,-34.33,43.72,0.0,21.96,35.44,15,14.73,0.22,2025-26,2025-08-18,5,Brentford FC,0.0,0.0,9.7
6.91,0.0,77.24,38.0,-35.37,41.87,0.0,21.84,34.66,16,15.0,0.26,2025-26,2025-08-18,5,West Ham United FC,0.0,0.0,9.25
6.26,0.0,82.21,38.0,-44.55,37.66,0.0,23.75,30.23,17,16.43,0.34,2025-26,2025-08-18,5,Burnley FC,0.0,0.0,7.99
6.33,0.0,84.3,38.0,-49.59,34.71,0.0,24.0,29.34,18,16.72,0.42,2025-26,2025-08-18,5,Leeds United AFC,0.0,0.0,7.67
5.36,0.0,88.11,38.0,-55.58,32.53,0.0,26.18,24.74,19,18.14,0.64,2025-26,2025-08-18,5,Sunderland AFC,0.0,0.0,6.46
5.8,0.0,90.27,38.0,-58.81,31.46,0.0,26.04,24.28,20,17.92,0.71,2025-26,2025-08-18,5,Wolverhampton Wanderers FC,0.0,0.0,6.16
5.07,0.07,23.49,38.0,75.71,99.2,0.0,4.27,91.05,1,2.67,0.0,2025-26,2025-08-22,6,Chelsea FC,0.88,0.27,28.66
4.68,0.03,24.78,38.0,73.85,98.63,0.0,4.53,91.05,2,2.65,0.0,2025-26,2025-08-22,6,Manchester City FC,0.93,0.25,28.79
4.91,0.14,24.04,38.0,70.58,94.62,0.0,4.46,90.8,3,2.71,0.0,2025-26,2025-08-22,6,Arsenal FC,0.83,0.31,28.63
5.45,0.12,29.78,38.0,63.85,93.63,0.0,5.19,87.53,4,3.18,0.0,2025-26,2025-08-22,6,Liverpool FC,0.79,0.14,27.36
6.37,0.33,39.81,38.0,40.87,80.68,0.0,8.74,75.04,5,5.39,0.0,2025-26,2025-08-22,6,Tottenham Hotspur FC,0.29,0.01,22.89
6.17,0.2,43.19,38.0,34.41,77.6,0.0,9.75,72.41,6,5.84,0.0,2025-26,2025-08-22,6,Nottingham Forest FC,0.23,0.02,22.08
6.8,0.04,57.47,38.0,8.3,65.77,0.0,14.23,57.71,7,8.8,0.01,2025-26,2025-08-22,6,AFC Bournemouth,0.01,0.0,16.97
7.65,0.0,60.21,38.0,-2.7,57.51,0.0,15.51,52.17,8,10.17,0.01,2025-26,2025-08-22,6,Aston Villa FC,0.0,0.0,14.84
8.03,0.02,59.41,38.0,-4.04,55.37,0.0,15.37,51.83,9,10.33,0.0,2025-26,2025-08-22,6,Newcastle United FC,0.03,0.0,14.6
7.03,0.02,61.27,38.0,-4.79,56.48,0.0,16.41,50.71,10,10.48,0.04,2025-26,2025-08-22,6,Manchester United FC,0.01,0.0,14.56
7.84,0.02,66.42,38.0,-12.85,53.57,0.0,17.02,47.26,11,11.36,0.08,2025-26,2025-08-22,6,Crystal Palace FC,0.0,0.0,13.14
8.03,0.01,66.25,38.0,-11.87,54.38,0.0,16.95,47.09,12,11.53,0.05,2025-26,2025-08-22,6,Fulham FC,0.0,0.0,13.02
7.11,0.0,71.33,38.0,-23.19,48.14,0.0,19.35,41.73,13,12.72,0.08,2025-26,2025-08-22,6,Everton FC,0.0,0.0,11.54
8.3,0.0,72.04,38.0,-25.37,46.67,0.0,19.09,40.13,14,13.49,0.14,2025-26,2025-08-22,6,Brighton & Hove Albion FC,0.0,0.0,10.61
6.61,0.0,76.9,38.0,-32.52,44.38,0.0,21.54,36.16,15,14.37,0.17,2025-26,2025-08-22,6,Brentford FC,0.0,0.0,9.85
6.85,0.0,78.31,38.0,-35.29,43.02,0.0,21.69,35.23,16,14.78,0.18,2025-26,2025-08-22,6,West Ham United FC,0.0,0.0,9.46
6.46,0.0,82.81,38.0,-47.39,35.42,0.0,24.12,28.72,17,16.92,0.43,2025-26,2025-08-22,6,Burnley FC,0.0,0.0,7.42
6.04,0.0,84.82,38.0,-49.9,34.92,0.0,24.4,28.72,18,16.87,0.5,2025-26,2025-08-22,6,Leeds United AFC,0.0,0.0,7.56
5.63,0.0,88.75,38.0,-55.7,33.05,0.0,25.67,25.73,19,17.68,0.62,2025-26,2025-08-22,6,Sunderland AFC,0.0,0.0,6.7
5.83,0.0,92.64,38.0,-61.96,30.68,0.0,26.28,23.5,20,18.06,0.69,2025-26,2025-08-22,6,Wolverhampton Wanderers FC,0.0,0.0,5.89
5.14,0.03,22.96,38.0,75.96,98.92,0.0,3.72,92.56,1,2.27,0.0,2025-26,2025-08-23,7,Arsenal FC,0.93,0.37,29.14
6.19,0.08,24.5,38.0,72.85,97.35,0.0,3.86,90.04,2,2.45,0.0,2025-26,2025-08-23,7,Chelsea FC,0.87,0.37,27.95
5.58,0.12,29.56,38.0,64.25,93.81,0.0,5.35,86.79,3,3.11,0.0,2025-26,2025-08-23,7,Liverpool FC,0.81,0.16,27.07
5.72,0.23,35.44,38.0,49.89,85.33,0.0,7.55,79.91,4,4.59,0.0,2025-26,2025-08-23,7,Manchester City FC,0.45,0.06,24.73
6.56,0.16,39.74,38.0,40.08,79.82,0.0,8.61,75.05,5,5.3,0.0,2025-26,2025-08-23,7,Tottenham Hotspur FC,0.4,0.02,22.83
6.63,0.17,40.64,38.0,37.74,78.38,0.0,8.61,74.91,6,5.36,0.0,2025-26,2025-08-23,7,Nottingham Forest FC,0.34,0.02,22.76
6.55,0.16,46.37,38.0,27.35,73.72,0.0,10.45,69.55,7,6.48,0.0,2025-26,2025-08-23,7,AFC Bournemouth,0.14,0.0,21.0
7.35,0.0,59.96,38.0,-2.67,57.29,0.0,16.19,50.73,8,10.44,0.01,2025-26,2025-08-23,7,Manchester United FC,0.01,0.0,14.46
7.92,0.02,59.08,38.0,-5.31,53.77,0.0,16.24,49.44,9,10.96,0.01,2025-26,2025-08-23,7,Aston Villa FC,0.0,0.0,13.84
8.02,0.01,62.69,38.0,-8.58,54.11,0.0,16.22,49.3,10,11.05,0.02,2025-26,2025-08-23,7,Newcastle United FC,0.01,0.0,13.76
6.75,0.01,65.91,38.0,-13.38,52.53,0.0,17.69,47.43,11,11.38,0.02,2025-26,2025-08-23,7,Brentford FC,0.01,0.0,13.56
8.35,0.01,64.09,38.0,-10.87,53.22,0.0,16.88,46.66,12,11.68,0.05,2025-26,2025-08-23,7,Fulham FC,0.02,0.0,12.77
7.98,0.0,66.27,38.0,-16.61,49.66,0.0,18.04,43.92,13,12.37,0.06,2025-26,2025-08-23,7,Crystal Palace FC,0.01,0.0,11.98
6.72,0.0,71.81,38.0,-25.81,46.0,0.0,20.37,39.45,14,13.74,0.15,2025-26,2025-08-23,7,Everton FC,0.0,0.0,10.91
8.16,0.0,73.64,38.0,-27.59,46.05,0.0,19.54,39.06,15,13.61,0.12,2025-26,2025-08-23,7,Brighton & Hove Albion FC,0.0,0.0,10.3
6.66,0.0,79.9,38.0,-37.46,42.44,0.0,22.2,34.08,16,15.08,0.28,2025-26,2025-08-23,7,West Ham United FC,0.0,0.0,9.14
5.62,0.0,83.81,38.0,-48.57,35.24,0.0,24.58,29.02,17,16.66,0.39,2025-26,2025-08-23,7,Burnley FC,0.0,0.0,7.8
6.31,0.0,86.37,38.0,-52.74,33.63,0.0,24.41,28.15,18,17.0,0.47,2025-26,2025-08-23,7,Leeds United AFC,0.0,0.0,7.28
5.09,0.0,88.22,38.0,-55.19,33.03,0.0,26.06,25.64,19,17.75,0.61,2025-26,2025-08-23,7,Sunderland AFC,0.0,0.0,6.85
5.82,0.0,93.09,38.0,-63.34,29.75,0.0,26.87,21.75,20,18.72,0.81,2025-26,2025-08-23,7,Wolverhampton Wanderers FC,0.0,0.0,5.31
4.65,0.02,22.97,38.0,76.03,99.0,0.0,3.81,93.27,1,2.09,0.0,2025-26,2025-08-24,8,Arsenal FC,0.94,0.48,29.54
5.68,0.04,24.31,38.0,74.77,99.08,0.0,3.91,90.91,2,2.4,0.0,2025-26,2025-08-24,8,Chelsea FC,0.93,0.29,28.41
5.39,0.12,31.3,38.0,60.69,91.99,0.0,5.89,85.55,3,3.34,0.0,2025-26,2025-08-24,8,Liverpool FC,0.78,0.11,26.72
5.89,0.17,33.69,38.0,52.11,85.8,0.0,6.66,82.24,4,4.0,0.0,2025-26,2025-08-24,8,Tottenham Hotspur FC,0.64,0.08,25.45
6.16,0.14,38.75,38.0,42.16,80.91,0.0,8.47,76.27,5,5.13,0.0,2025-26,2025-08-24,8,Manchester City FC,0.39,0.03,23.37
6.84,0.26,45.47,38.0,28.99,74.46,0.0,10.05,70.17,6,6.19,0.0,2025-26,2025-08-24,8,AFC Bournemouth,0.16,0.01,21.11
7.72,0.15,48.54,38.0,21.62,70.16,0.0,11.01,65.53,7,7.44,0.0,2025-26,2025-08-24,8,Nottingham Forest FC,0.11,0.0,19.27
7.78,0.02,58.42,38.0,0.18,58.6,0.0,15.7,51.34,8,10.64,0.01,2025-26,2025-08-24,8,Manchester United FC,0.02,0.0,14.52
7.8,0.05,62.44,38.0,-6.25,56.19,0.0,15.81,50.97,9,10.67,0.02,2025-26,2025-08-24,8,Newcastle United FC,0.01,0.0,14.39
6.76,0.03,61.09,38.0,-5.08,56.01,0.0,16.62,50.62,10,10.84,0.0,2025-26,2025-08-24,8,Everton FC,0.0,0.0,14.62
6.76,0.0,65.68,38.0,-11.59,54.09,0.0,17.3,48.58,11,11.16,0.02,2025-26,2025-08-24,8,Brentford FC,0.01,0.0,13.94
8.88,0.0,63.81,38.0,-9.74,54.07,0.0,16.15,47.79,12,11.47,0.04,2025-26,2025-08-24,8,Fulham FC,0.0,0.0,12.97
7.56,0.0,63.88,38.0,-11.34,52.54,0.0,17.34,46.86,13,11.5,0.03,2025-26,2025-08-24,8,Aston Villa FC,0.0,0.0,13.1
8.87,0.0,66.51,38.0,-17.3,49.21,0.0,17.61,43.43,14,12.29,0.04,2025-26,2025-08-24,8,Crystal Palace FC,0.01,0.0,11.52
6.94,0.0,76.49,38.0,-35.13,41.36,0.0,22.03,34.03,15,15.26,0.28,2025-26,2025-08-24,8,Brighton & Hove Albion FC,0.0,0.0,9.03
6.28,0.0,81.87,38.0,-42.07,39.8,0.0,23.38,31.3,16,15.89,0.38,2025-26,2025-08-24,8,West Ham United FC,0.0,0.0,8.34
6.11,0.0,84.76,38.0,-49.97,34.79,0.0,24.0,29.78,17,16.44,0.31,2025-26,2025-08-24,8,Leeds United AFC,0.0,0.0,7.89
5.95,0.0,83.49,38.0,-46.87,36.62,0.0,24.3,29.2,18,16.57,0.34,2025-26,2025-08-24,8,Burnley FC,0.0,0.0,7.75
6.02,0.0,86.91,38.0,-55.71,31.2,0.0,25.91,24.23,19,18.05,0.7,2025-26,2025-08-24,8,Sunderland AFC,0.0,0.0,6.07
5.62,0.0,94.1,38.0,-65.5,28.6,0.0,27.22,21.1,20,18.63,0.83,2025-26,2025-08-24,8,Wolverhampton Wanderers FC,0.0,0.0,5.16
5.7,0.03,23.04,38.0,74.59,97.63,0.0,3.56,91.92,1,2.2,0.0,2025-26,2025-08-25,9,Chelsea FC,0.94,0.39,28.74
4.86,0.02,24.83,38.0,71.81,96.64,0.0,4.25,91.53,2,2.16,0.0,2025-26,2025-08-25,9,Arsenal FC,0.94,0.42,28.89
5.25,0.11,33.27,38.0,59.03,92.3,0.0,6.09,85.23,3,3.34,0.0,2025-26,2025-08-25,9,Liverpool FC,0.8,0.11,26.66
5.75,0.23,36.08,38.0,46.03,82.11,0.0,8.06,78.32,4,4.67,0.0,2025-26,2025-08-25,9,Manchester City FC,0.47,0.03,24.19
6.13,0.19,43.14,38.0,33.35,76.49,0.0,9.63,72.85,5,5.53,0.0,2025-26,2025-08-25,9,AFC Bournemouth,0.36,0.03,22.24
6.6,0.16,44.01,38.0,30.89,74.9,0.0,10.07,70.59,6,6.22,0.0,2025-26,2025-08-25,9,Tottenham Hotspur FC,0.27,0.02,21.33
8.15,0.15,49.72,38.0,18.74,68.46,0.0,11.06,64.52,7,7.46,0.0,2025-26,2025-08-25,9,Nottingham Forest FC,0.11,0.0,18.79
7.94,0.03,54.54,38.0,8.05,62.59,0.0,13.74,56.9,8,9.21,0.01,2025-26,2025-08-25,9,Manchester United FC,0.04,0.0,16.32
7.08,0.03,59.03,38.0,-1.22,57.81,0.0,15.72,52.68,9,10.26,0.01,2025-26,2025-08-25,9,Everton FC,0.03,0.0,15.2
7.85,0.02,61.11,38.0,-6.52,54.59,0.0,16.13,49.91,10,10.76,0.01,2025-26,2025-08-25,9,Aston Villa FC,0.02,0.0,14.02
6.47,0.0,64.13,38.0,-10.2,53.93,0.0,17.24,49.34,11,11.09,0.03,2025-26,2025-08-25,9,Brentford FC,0.01,0.0,14.29
7.71,0.01,66.51,38.0,-14.63,51.88,0.0,18.06,44.4,12,12.43,0.07,2025-26,2025-08-25,9,Newcastle United FC,0.0,0.0,12.23
8.9,0.01,66.19,38.0,-15.33,50.86,0.0,17.38,44.06,13,12.53,0.1,2025-26,2025-08-25,9,Fulham FC,0.0,0.0,11.72
8.71,0.0,66.44,38.0,-17.69,48.75,0.0,18.07,42.37,14,13.03,0.1,2025-26,2025-08-25,9,Crystal Palace FC,0.01,0.0,11.22
6.72,0.01,74.61,38.0,-27.05,47.56,0.0,20.4,39.36,15,13.89,0.09,2025-26,2025-08-25,9,West Ham United FC,0.0,0.0,10.88
7.7,0.0,72.94,38.0,-30.13,42.81,0.0,20.67,36.59,16,14.52,0.19,2025-26,2025-08-25,9,Brighton & Hove Albion FC,0.0,0.0,9.63
5.85,0.0,84.05,38.0,-48.68,35.37,0.0,24.58,28.56,17,16.85,0.42,2025-26,2025-08-25,9,Burnley FC,0.0,0.0,7.57
5.78,0.0,87.11,38.0,-53.48,33.63,0.0,25.1,27.14,18,17.35,0.5,2025-26,2025-08-25,9,Leeds United AFC,0.0,0.0,7.12
5.63,0.0,88.82,38.0,-55.6,33.22,0.0,25.98,24.8,19,17.76,0.64,2025-26,2025-08-25,9,Wolverhampton Wanderers FC,0.0,0.0,6.39
5.4,0.0,91.63,38.0,-61.96,29.67,0.0,27.12,21.84,20,18.74,0.83,2025-26,2025-08-25,9,Sunderland AFC,0.0,0.0,5.48
5.12,0.02,21.74,38.0,79.9,101.64,0.0,3.14,94.34,1,1.98,0.0,2025-26,2025-08-30,10,Chelsea FC,0.96,0.49,29.74
4.93,0.02,24.89,38.0,73.34,98.23,0.0,4.17,91.63,2,2.32,0.0,2025-26,2025-08-30,10,Arsenal FC,0.94,0.31,28.9
5.17,0.07,31.88,38.0,61.24,93.12,0.0,5.14,88.24,3,3.04,0.0,2025-26,2025-08-30,10,Liverpool FC,0.87,0.12,27.69
6.2,0.18,36.25,38.0,46.63,82.88,0.0,7.99,77.63,4,4.7,0.0,2025-26,2025-08-30,10,Manchester City FC,0.5,0.06,23.81
6.14,0.26,42.39,38.0,34.68,77.07,0.0,9.37,73.61,5,5.58,0.0,2025-26,2025-08-30,10,AFC Bournemouth,0.33,0.01,22.49
7.81,0.16,50.24,38.0,18.92,69.16,0.0,11.73,63.19,6,7.69,0.0,2025-26,2025-08-30,10,Manchester United FC,0.05,0.0,18.46
7.66,0.07,52.41,38.0,15.95,68.36,0.0,12.11,62.35,7,7.72,0.01,2025-26,2025-08-30,10,Nottingham Forest FC,0.17,0.0,18.23
6.59,0.07,51.11,38.0,14.4,65.51,0.0,13.25,61.07,8,8.24,0.01,2025-26,2025-08-30,10,Tottenham Hotspur FC,0.09,0.01,18.16
6.76,0.08,57.79,38.0,3.07,60.86,0.0,14.58,56.74,9,9.08,0.0,2025-26,2025-08-30,10,Everton FC,0.03,0.0,16.66
7.56,0.03,61.39,38.0,-6.98,54.41,0.0,16.49,49.41,10,10.92,0.02,2025-26,2025-08-30,10,Aston Villa FC,0.02,0.0,13.95
8.2,0.01,65.06,38.0,-12.91,52.15,0.0,17.33,45.61,11,11.99,0.03,2025-26,2025-08-30,10,Newcastle United FC,0.01,0.0,12.47
6.72,0.01,67.3,38.0,-17.03,50.27,0.0,18.93,43.77,12,12.64,0.07,2025-26,2025-08-30,10,Brentford FC,0.01,0.0,12.35
8.39,0.01,65.85,38.0,-16.21,49.64,0.0,17.85,43.67,13,12.59,0.11,2025-26,2025-08-30,10,Fulham FC,0.02,0.0,11.76
9.08,0.01,68.23,38.0,-19.19,49.04,0.0,17.88,42.2,14,12.72,0.08,2025-26,2025-08-30,10,Crystal Palace FC,0.0,0.0,11.04
7.0,0.0,75.25,38.0,-29.61,45.64,0.0,20.79,37.63,15,14.1,0.17,2025-26,2025-08-30,10,West Ham United FC,0.0,0.0,10.21
7.43,0.0,74.23,38.0,-31.05,43.18,0.0,21.07,35.93,16,14.81,0.22,2025-26,2025-08-30,10,Brighton & Hove Albion FC,0.0,0.0,9.5
6.07,0.0,82.34,38.0,-44.32,38.02,0.0,23.82,30.4,17,16.27,0.31,2025-26,2025-08-30,10,Burnley FC,0.0,0.0,8.11
7.28,0.0,83.72,38.0,-51.38,32.34,0.0,23.88,27.8,18,17.33,0.53,2025-26,2025-08-30,10,Leeds United AFC,0.0,0.0,6.84
5.55,0.0,88.89,38.0,-54.58,34.31,0.0,25.98,24.96,19,17.67,0.59,2025-26,2025-08-30,10,Wolverhampton Wanderers FC,0.0,0.0,6.47
5.04,0.0,93.35,38.0,-64.87,28.48,0.0,27.15,22.47,20,18.61,0.85,2025-26,2025-08-30,10,Sunderland AFC,0.0,0.0,5.81
6.22,0.04,24.66,38.0,71.25,95.91,0.0,3.56,90.88,1,1.88,0.0,2025-26,2025-08-31,11,Chelsea FC,0.93,0.53,28.22
5.55,0.06,36.31,38.0,48.9,85.21,0.0,6.41,83.67,2,3.26,0.0,2025-26,2025-08-31,11,Liverpool FC,0.79,0.19,26.04
5.52,0.13,30.71,38.0,56.16,86.87,0.0,6.61,83.13,3,3.2,0.0,2025-26,2025-08-31,11,Arsenal FC,0.79,0.16,25.87
6.47,0.12,42.05,38.0,31.09,73.14,0.0,10.05,70.91,4,5.75,0.0,2025-26,2025-08-31,11,Tottenham Hotspur FC,0.37,0.05,21.48
6.48,0.08,43.19,38.0,33.88,77.07,0.0,10.05,70.89,5,5.71,0.0,2025-26,2025-08-31,11,Manchester City FC,0.47,0.05,21.47
6.58,0.17,47.96,38.0,21.55,69.51,0.0,11.19,67.27,6,6.78,0.0,2025-26,2025-08-31,11,AFC Bournemouth,0.23,0.0,20.23
8.48,0.07,54.08,38.0,8.03,62.11,0.0,13.09,57.77,7,9.15,0.0,2025-26,2025-08-31,11,Brighton & Hove Albion FC,0.1,0.01,16.43
9.56,0.08,52.78,38.0,10.27,63.05,0.0,12.65,56.93,8,9.08,0.0,2025-26,2025-08-31,11,Crystal Palace FC,0.07,0.0,15.79
7.91,0.04,56.38,38.0,6.72,63.1,0.0,13.95,56.33,9,9.49,0.0,2025-26,2025-08-31,11,Manchester United FC,0.08,0.0,16.14
9.29,0.06,54.24,38.0,6.14,60.38,0.0,13.34,55.4,10,9.65,0.0,2025-26,2025-08-31,11,Fulham FC,0.07,0.0,15.37
7.06,0.06,60.75,38.0,-2.35,58.4,0.0,15.66,52.9,11,10.38,0.0,2025-26,2025-08-31,11,Everton FC,0.04,0.0,15.28
6.87,0.04,64.81,38.0,-7.81,57.0,0.0,17.04,49.14,12,11.49,0.06,2025-26,2025-08-31,11,West Ham United FC,0.04,0.01,14.09
7.91,0.01,64.49,38.0,-14.28,50.21,0.0,17.89,44.51,13,12.8,0.07,2025-26,2025-08-31,11,Aston Villa FC,0.01,0.0,12.2
7.16,0.02,67.23,38.0,-16.23,51.0,0.0,18.46,44.3,14,12.66,0.1,2025-26,2025-08-31,11,Brentford FC,0.0,0.0,12.38
9.01,0.0,65.58,38.0,-15.52,50.06,0.0,17.96,42.1,15,13.44,0.1,2025-26,2025-08-31,11,Newcastle United FC,0.01,0.0,11.03
7.68,0.02,70.76,38.0,-24.45,46.31,0.0,19.43,40.35,16,14.09,0.17,2025-26,2025-08-31,11,Nottingham Forest FC,0.0,0.0,10.89
6.92,0.0,83.71,38.0,-50.54,33.17,0.0,23.76,28.88,17,17.13,0.5,2025-26,2025-08-31,11,Leeds United AFC,0.0,0.0,7.32
5.83,0.0,85.02,38.0,-49.9,35.12,0.0,25.41,26.11,18,17.72,0.59,2025-26,2025-08-31,11,Burnley FC,0.0,0.0,6.76
5.66,0.0,86.91,38.0,-54.43,32.48,0.0,26.16,24.2,19,17.98,0.7,2025-26,2025-08-31,11,Wolverhampton Wanderers FC,0.0,0.0,6.18
5.12,0.0,88.07,38.0,-58.48,29.59,0.0,26.69,23.69,20,18.36,0.71,2025-26,2025-08-31,11,Sunderland AFC,0.0,0.0,6.19
5.2,0.02,30.7,38.0,62.32,93.02,0.0,4.81,89.17,1,2.32,0.0,2025-26,2025-09-13,12,Liverpool FC,0.93,0.35,27.99
4.59,0.06,24.78,38.0,69.03,93.81,0.0,5.38,88.68,2,2.45,0.0,2025-26,2025-09-13,12,Arsenal FC,0.9,0.34,28.03
7.73,0.21,33.39,38.0,50.77,84.16,0.0,6.04,80.42,3,3.94,0.0,2025-26,2025-09-13,12,Chelsea FC,0.62,0.1,24.23
5.7,0.14,37.9,38.0,41.11,79.01,0.0,7.77,79.29,4,4.25,0.0,2025-26,2025-09-13,12,AFC Bournemouth,0.6,0.09,24.53
5.9,0.13,35.51,38.0,47.57,83.08,0.0,7.94,78.38,5,4.48,0.0,2025-26,2025-09-13,12,Tottenham Hotspur FC,0.52,0.1,24.16
8.26,0.13,42.7,38.0,29.7,72.4,0.0,9.53,68.89,6,6.33,0.0,2025-26,2025-09-13,12,Fulham FC,0.22,0.02,20.21
6.8,0.07,52.82,38.0,14.63,67.45,0.0,13.32,60.44,7,8.46,0.0,2025-26,2025-09-13,12,Manchester City FC,0.06,0.0,17.88
8.05,0.06,51.77,38.0,14.27,66.04,0.0,12.51,60.37,8,8.51,0.0,2025-26,2025-09-13,12,Manchester United FC,0.06,0.0,17.44
8.3,0.1,51.04,38.0,10.48,61.52,0.0,12.96,58.52,9,8.95,0.0,2025-26,2025-09-13,12,Newcastle United FC,0.04,0.0,16.74
9.44,0.06,57.63,38.0,-0.25,57.38,0.0,14.2,52.52,10,10.5,0.0,2025-26,2025-09-13,12,Crystal Palace FC,0.01,0.0,14.36
7.75,0.02,60.89,38.0,-6.18,54.71,0.0,16.01,50.47,11,10.8,0.0,2025-26,2025-09-13,12,Everton FC,0.02,0.0,14.24
7.91,0.0,62.71,38.0,-8.29,54.42,0.0,16.35,49.13,12,11.2,0.01,2025-26,2025-09-13,12,Brighton & Hove Albion FC,0.01,0.0,13.74
7.47,0.0,67.98,38.0,-16.89,51.09,0.0,18.6,43.26,13,12.83,0.05,2025-26,2025-09-13,12,Brentford FC,0.0,0.0,11.93
8.35,0.0,66.67,38.0,-22.63,44.04,0.0,19.0,40.3,14,13.64,0.1,2025-26,2025-09-13,12,Aston Villa FC,0.01,0.0,10.65
6.88,0.0,73.49,38.0,-26.05,47.44,0.0,20.17,39.73,15,13.82,0.08,2025-26,2025-09-13,12,West Ham United FC,0.0,0.0,10.95
6.68,0.0,79.51,38.0,-40.78,38.73,0.0,22.98,31.7,16,16.31,0.28,2025-26,2025-09-13,12,Nottingham Forest FC,0.0,0.0,8.34
6.98,0.0,80.2,38.0,-46.56,33.64,0.0,23.72,28.88,17,16.85,0.39,2025-26,2025-09-13,12,Leeds United AFC,0.0,0.0,7.3
5.47,0.0,84.5,38.0,-50.5,34.0,0.0,25.56,26.38,18,17.42,0.58,2025-26,2025-09-13,12,Burnley FC,0.0,0.0,6.97
5.86,0.0,86.14,38.0,-56.63,29.51,0.0,25.63,25.39,19,17.78,0.61,2025-26,2025-09-13,12,Sunderland AFC,0.0,0.0,6.51
5.22,0.0,93.49,38.0,-65.12,28.37,0.0,28.25,18.81,20,19.16,0.9,2025-26,2025-09-13,12,Wolverhampton Wanderers FC,0.0,0.0,4.53
4.81,0.08,23.04,38.0,71.92,94.96,0.0,4.73,90.19,1,2.42,0.0,2025-26,2025-09-14,13,Arsenal FC,0.87,0.4,28.46
5.2,0.1,32.28,38.0,55.71,87.99,0.0,5.73,86.41,2,3.16,0.0,2025-26,2025-09-14,13,Liverpool FC,0.78,0.17,27.07
5.31,0.09,30.98,38.0,56.79,87.77,0.0,6.87,82.77,3,3.63,0.0,2025-26,2025-09-14,13,Tottenham Hotspur FC,0.72,0.18,25.82
5.2,0.19,34.79,38.0,46.75,81.54,0.0,7.17,82.09,4,4.11,0.0,2025-26,2025-09-14,13,AFC Bournemouth,0.54,0.11,25.63
5.38,0.2,32.61,38.0,54.43,87.04,0.0,7.52,80.68,5,4.24,0.0,2025-26,2025-09-14,13,Manchester City FC,0.54,0.1,25.1
7.35,0.2,35.52,38.0,49.5,85.02,0.0,6.79,78.93,6,4.7,0.0,2025-26,2025-09-14,13,Chelsea FC,0.44,0.04,23.86
8.28,0.07,42.72,38.0,27.98,70.7,0.0,9.84,67.92,7,6.98,0.0,2025-26,2025-09-14,13,Fulham FC,0.08,0.0,19.88
8.3,0.04,50.76,38.0,11.12,61.88,0.0,12.86,58.82,8,8.72,0.01,2025-26,2025-09-14,13,Newcastle United FC,0.02,0.0,16.84
8.0,0.01,62.24,38.0,-8.7,53.54,0.0,16.07,49.79,9,10.79,0.03,2025-26,2025-09-14,13,Everton FC,0.0,0.0,13.93
9.68,0.02,58.5,38.0,-4.79,53.71,0.0,15.28,48.8,10,11.04,0.01,2025-26,2025-09-14,13,Crystal Palace FC,0.0,0.0,13.04
7.71,0.0,64.29,38.0,-9.77,54.52,0.0,16.84,48.06,11,11.25,0.0,2025-26,2025-09-14,13,Manchester United FC,0.01,0.0,13.45
7.54,0.0,65.59,38.0,-13.12,52.47,0.0,17.69,45.85,12,11.77,0.02,2025-26,2025-09-14,13,Brentford FC,0.0,0.0,12.77
7.81,0.0,67.24,38.0,-16.87,50.37,0.0,18.06,44.2,13,12.28,0.06,2025-26,2025-09-14,13,Brighton & Hove Albion FC,0.0,0.0,12.13
6.46,0.0,76.6,38.0,-31.08,45.52,0.0,21.29,37.21,14,14.14,0.1,2025-26,2025-09-14,13,West Ham United FC,0.0,0.0,10.25
8.32,0.0,70.11,38.0,-28.27,41.84,0.0,20.06,37.18,15,14.17,0.1,2025-26,2025-09-14,13,Aston Villa FC,0.0,0.0,9.62
6.98,0.0,80.26,38.0,-41.58,38.68,0.0,22.75,31.79,16,15.87,0.28,2025-26,2025-09-14,13,Nottingham Forest FC,0.0,0.0,8.27
6.78,0.0,82.19,38.0,-48.83,33.36,0.0,23.66,29.46,17,16.62,0.33,2025-26,2025-09-14,13,Leeds United AFC,0.0,0.0,7.56
5.6,0.0,85.04,38.0,-49.92,35.12,0.0,25.3,26.9,18,17.39,0.52,2025-26,2025-09-14,13,Burnley FC,0.0,0.0,7.1
5.63,0.0,87.13,38.0,-56.71,30.42,0.0,25.67,25.73,19,17.6,0.67,2025-26,2025-09-14,13,Sunderland AFC,0.0,0.0,6.7
5.26,0.0,93.59,38.0,-64.56,29.03,0.0,28.02,19.42,20,19.12,0.87,2025-26,2025-09-14,13,Wolverhampton Wanderers FC,0.0,0.0,4.72
4.54,0.06,22.64,38.0,74.5,97.14,0.0,4.44,91.6,1,2.08,0.0,2025-26,2025-09-20,14,Arsenal FC,0.91,0.48,29.02
4.98,0.07,31.6,38.0,56.71,88.31,0.0,4.99,89.07,2,2.59,0.0,2025-26,2025-09-20,14,Liverpool FC,0.87,0.3,28.03
5.32,0.16,36.67,38.0,46.22,82.89,0.0,7.31,81.43,3,3.97,0.0,2025-26,2025-09-20,14,AFC Bournemouth,0.65,0.06,25.37
5.28,0.19,33.55,38.0,52.88,86.43,0.0,7.72,80.28,4,4.26,0.0,2025-26,2025-09-20,14,Manchester City FC,0.56,0.07,25.0
6.88,0.12,36.98,38.0,42.22,79.2,0.0,8.14,75.82,5,5.31,0.0,2025-26,2025-09-20,14,Tottenham Hotspur FC,0.42,0.04,22.98
7.45,0.19,38.48,38.0,41.07,79.55,0.0,8.47,73.69,6,5.64,0.0,2025-26,2025-09-20,14,Chelsea FC,0.31,0.03,22.08
8.42,0.08,45.87,38.0,23.8,69.67,0.0,10.32,66.2,7,7.36,0.0,2025-26,2025-09-20,14,Fulham FC,0.11,0.01,19.26
9.1,0.05,48.89,38.0,12.44,61.33,0.0,11.84,60.28,8,8.68,0.01,2025-26,2025-09-20,14,Crystal Palace FC,0.07,0.01,17.06
7.08,0.05,54.46,38.0,11.15,65.61,0.0,13.26,60.06,9,8.78,0.0,2025-26,2025-09-20,14,Manchester United FC,0.04,0.0,17.66
8.74,0.03,50.63,38.0,11.77,62.4,0.0,12.51,58.99,10,8.88,0.0,2025-26,2025-09-20,14,Newcastle United FC,0.06,0.0,16.75
7.91,0.0,62.91,38.0,-7.21,55.7,0.0,16.25,49.43,11,11.27,0.01,2025-26,2025-09-20,14,Brighton & Hove Albion FC,0.0,0.0,13.84
7.11,0.0,66.23,38.0,-16.94,49.29,0.0,18.7,43.68,12,12.49,0.03,2025-26,2025-09-20,14,Everton FC,0.0,0.0,12.19
7.02,0.0,72.2,38.0,-24.2,48.0,0.0,20.06,39.78,13,13.41,0.05,2025-26,2025-09-20,14,Brentford FC,0.0,0.0,10.92
8.26,0.0,68.59,38.0,-26.32,42.27,0.0,19.74,38.26,14,14.02,0.13,2025-26,2025-09-20,14,Aston Villa FC,0.0,0.0,10.0
5.6,0.0,78.27,38.0,-34.0,44.27,0.0,22.51,35.27,15,14.64,0.11,2025-26,2025-09-20,14,West Ham United FC,0.0,0.0,9.89
7.91,0.0,77.14,38.0,-37.44,39.7,0.0,21.42,33.92,16,15.09,0.14,2025-26,2025-09-20,14,Nottingham Forest FC,0.0,0.0,8.67
6.13,0.0,82.09,38.0,-49.9,32.19,0.0,24.51,28.21,17,16.77,0.36,2025-26,2025-09-20,14,Leeds United AFC,0.0,0.0,7.36
6.22,0.0,83.22,38.0,-49.41,33.81,0.0,25.26,25.78,18,17.41,0.55,2025-26,2025-09-20,14,Burnley FC,0.0,0.0,6.52
5.88,0.0,87.4,38.0,-58.85,28.55,0.0,26.17,23.73,19,18.14,0.73,2025-26,2025-09-20,14,Sunderland AFC,0.0,0.0,5.95
4.85,0.0,94.97,38.0,-68.49,26.48,0.0,29.04,17.18,20,19.21,0.88,2025-26,2025-09-20,14,Wolverhampton Wanderers FC,0.0,0.0,4.11
4.77,0.03,30.45,38.0,60.24,90.69,0.0,4.92,89.7,1,2.11,0.0,2025-26,2025-09-21,15,Liverpool FC,0.91,0.56,28.31
6.37,0.07,27.07,38.0,60.06,87.13,0.0,5.63,84.37,2,2.99,0.0,2025-26,2025-09-21,15,Arsenal FC,0.83,0.15,26.0
6.34,0.11,34.12,38.0,50.79,84.91,0.0,7.29,79.45,3,4.12,0.0,2025-26,2025-09-21,15,Manchester City FC,0.64,0.12,24.37
6.85,0.14,33.82,38.0,49.81,83.63,0.0,7.13,78.91,4,4.36,0.0,2025-26,2025-09-21,15,Tottenham Hotspur FC,0.56,0.1,24.02
7.04,0.15,42.51,38.0,30.33,72.84,0.0,9.24,72.2,5,5.92,0.0,2025-26,2025-09-21,15,AFC Bournemouth,0.28,0.04,21.72
7.81,0.15,42.2,38.0,32.87,75.07,0.0,9.03,71.29,6,6.08,0.0,2025-26,2025-09-21,15,Fulham FC,0.27,0.01,21.16
7.97,0.13,41.91,38.0,34.81,76.72,0.0,9.09,70.79,7,6.16,0.0,2025-26,2025-09-21,15,Chelsea FC,0.27,0.01,20.94
7.14,0.11,48.42,38.0,21.28,69.7,0.0,10.98,66.78,8,7.1,0.0,2025-26,2025-09-21,15,Manchester United FC,0.13,0.01,19.88
9.7,0.09,48.25,38.0,14.33,62.58,0.0,11.16,61.12,9,8.45,0.0,2025-26,2025-09-21,15,Crystal Palace FC,0.09,0.0,17.14
9.82,0.0,57.55,38.0,-3.99,53.56,0.0,14.74,50.14,10,11.0,0.01,2025-26,2025-09-21,15,Newcastle United FC,0.01,0.0,13.44
9.05,0.02,61.68,38.0,-5.39,56.29,0.0,15.68,48.86,11,11.51,0.02,2025-26,2025-09-21,15,Brighton & Hove Albion FC,0.0,0.0,13.27
7.34,0.0,64.53,38.0,-14.6,49.93,0.0,18.01,45.29,12,12.16,0.05,2025-26,2025-09-21,15,Everton FC,0.01,0.0,12.65
7.29,0.0,71.93,38.0,-24.12,47.81,0.0,19.85,39.87,13,13.78,0.1,2025-26,2025-09-21,15,Brentford FC,0.0,0.0,10.86
9.55,0.0,67.46,38.0,-24.89,42.57,0.0,18.93,38.11,14,14.08,0.13,2025-26,2025-09-21,15,Aston Villa FC,0.0,0.0,9.52
6.1,0.0,75.01,38.0,-28.36,46.65,0.0,21.42,37.54,15,14.21,0.12,2025-26,2025-09-21,15,West Ham United FC,0.0,0.0,10.48
7.79,0.0,77.98,38.0,-38.12,39.86,0.0,21.84,32.9,16,15.6,0.26,2025-26,2025-09-21,15,Nottingham Forest FC,0.0,0.0,8.37
6.87,0.0,78.63,38.0,-41.77,36.86,0.0,22.46,32.88,17,15.72,0.16,2025-26,2025-09-21,15,Leeds United AFC,0.0,0.0,8.67
6.87,0.0,84.06,38.0,-54.18,29.88,0.0,24.73,26.07,18,17.7,0.62,2025-26,2025-09-21,15,Sunderland AFC,0.0,0.0,6.4
6.65,0.0,82.58,38.0,-46.87,35.71,0.0,24.97,25.79,19,17.45,0.61,2025-26,2025-09-21,15,Burnley FC,0.0,0.0,6.38
4.28,0.0,96.54,38.0,-72.23,24.31,0.0,30.1,15.14,20,19.5,0.92,2025-26,2025-09-21,15,Wolverhampton Wanderers FC,0.0,0.0,3.62
5.71,0.04,27.51,38.0,65.31,92.82,0.0,5.38,86.44,1,2.48,0.0,2025-26,2025-09-27,16,Arsenal FC,0.87,0.4,26.91
5.47,0.12,36.9,38.0,46.59,83.49,0.0,6.97,82.15,2,3.45,0.0,2025-26,2025-09-27,16,Liverpool FC,0.72,0.19,25.56
6.14,0.13,33.49,38.0,54.43,87.92,0.0,7.13,80.33,3,3.69,0.0,2025-26,2025-09-27,16,Manchester City FC,0.63,0.17,24.73
7.09,0.09,35.55,38.0,46.61,82.16,0.0,7.66,76.84,4,4.79,0.0,2025-26,2025-09-27,16,Tottenham Hotspur FC,0.53,0.1,23.25
7.55,0.23,40.52,38.0,34.67,75.19,0.0,8.63,73.01,5,5.44,0.0,2025-26,2025-09-27,16,Fulham FC,0.38,0.04,21.82
8.01,0.13,42.7,38.0,30.17,72.87,0.0,8.63,72.09,6,5.91,0.0,2025-26,2025-09-27,16,AFC Bournemouth,0.29,0.05,21.36
7.38,0.11,42.39,38.0,34.64,77.03,0.0,9.73,70.05,7,6.29,0.0,2025-26,2025-09-27,16,Chelsea FC,0.26,0.03,20.89
7.03,0.07,51.31,38.0,16.58,67.89,0.0,12.31,63.01,8,7.93,0.0,2025-26,2025-09-27,16,Manchester United FC,0.14,0.01,18.66
9.18,0.04,49.17,38.0,13.29,62.46,0.0,11.41,61.41,9,8.42,0.0,2025-26,2025-09-27,16,Crystal Palace FC,0.13,0.01,17.41
8.23,0.03,58.45,38.0,2.06,60.51,0.0,14.31,54.61,10,10.06,0.0,2025-26,2025-09-27,16,Brighton & Hove Albion FC,0.02,0.0,15.46
9.8,0.01,56.69,38.0,-5.63,51.06,0.0,14.98,49.46,11,11.35,0.01,2025-26,2025-09-27,16,Newcastle United FC,0.03,0.0,13.22
7.06,0.0,67.44,38.0,-13.93,53.51,0.0,18.22,45.22,12,12.38,0.05,2025-26,2025-09-27,16,Brentford FC,0.0,0.0,12.72
7.38,0.0,65.58,38.0,-16.0,49.58,0.0,18.51,43.71,13,12.68,0.07,2025-26,2025-09-27,16,Everton FC,0.0,0.0,12.11
9.33,0.0,67.28,38.0,-25.71,41.57,0.0,19.3,37.44,14,14.33,0.1,2025-26,2025-09-27,16,Aston Villa FC,0.0,0.0,9.37
6.28,0.0,77.24,38.0,-31.33,45.91,0.0,21.6,36.64,15,14.76,0.17,2025-26,2025-09-27,16,West Ham United FC,0.0,0.0,10.12
7.53,0.0,78.38,38.0,-40.43,37.95,0.0,21.84,33.42,16,15.72,0.24,2025-26,2025-09-27,16,Leeds United AFC,0.0,0.0,8.63
7.46,0.0,78.8,38.0,-39.89,38.91,0.0,22.7,30.98,17,16.07,0.36,2025-26,2025-09-27,16,Nottingham Forest FC,0.0,0.0,7.84
6.72,0.0,83.75,38.0,-46.49,37.26,0.0,24.29,27.69,18,17.12,0.47,2025-26,2025-09-27,16,Burnley FC,0.0,0.0,6.99
6.39,0.0,84.16,38.0,-54.61,29.55,0.0,24.69,27.15,19,17.53,0.58,2025-26,2025-09-27,16,Sunderland AFC,0.0,0.0,6.92
5.36,0.0,95.48,38.0,-70.33,25.15,0.0,29.16,15.8,20,19.6,0.95,2025-26,2025-09-27,16,Wolverhampton Wanderers FC,0.0,0.0,3.48
5.7,0.05,26.91,38.0,63.12,90.03,0.0,5.12,87.24,1,2.2,0.0,2025-26,2025-09-28,17,Arsenal FC,0.91,0.47,27.18
5.81,0.08,31.46,38.0,58.52,89.98,0.0,6.41,83.15,2,2.71,0.0,2025-26,2025-09-28,17,Manchester City FC,0.81,0.29,25.78
7.23,0.14,36.79,38.0,47.06,83.85,0.0,7.59,76.77,3,4.15,0.0,2025-26,2025-09-28,17,Chelsea FC,0.64,0.09,23.18
6.04,0.15,43.27,38.0,32.8,76.07,0.0,8.79,75.55,4,4.43,0.0,2025-26,2025-09-28,17,Liverpool FC,0.61,0.05,23.17
8.29,0.16,47.83,38.0,18.69,66.52,0.0,10.62,65.56,5,7.08,0.0,2025-26,2025-09-28,17,AFC Bournemouth,0.26,0.0,19.09
8.12,0.08,46.21,38.0,23.6,69.81,0.0,10.77,65.45,6,6.95,0.0,2025-26,2025-09-28,17,Tottenham Hotspur FC,0.25,0.03,19.11
7.88,0.1,49.01,38.0,16.12,65.13,0.0,11.84,62.72,7,7.77,0.0,2025-26,2025-09-28,17,Fulham FC,0.16,0.04,18.28
7.33,0.04,52.17,38.0,13.64,65.81,0.0,12.69,61.27,8,8.25,0.0,2025-26,2025-09-28,17,Manchester United FC,0.17,0.01,17.98
9.44,0.07,50.91,38.0,8.85,59.76,0.0,11.92,59.36,9,8.72,0.0,2025-26,2025-09-28,17,Crystal Palace FC,0.09,0.0,16.64
8.46,0.04,54.31,38.0,8.71,63.02,0.0,13.33,57.09,10,9.26,0.01,2025-26,2025-09-28,17,Brighton & Hove Albion FC,0.04,0.02,16.21
9.69,0.03,54.55,38.0,1.78,56.33,0.0,14.17,52.11,11,10.65,0.0,2025-26,2025-09-28,17,Aston Villa FC,0.04,0.0,14.14
7.6,0.01,62.11,38.0,-4.1,58.01,0.0,16.27,49.99,12,11.4,0.02,2025-26,2025-09-28,17,Brentford FC,0.01,0.0,14.13
7.48,0.02,63.73,38.0,-13.38,50.35,0.0,17.87,45.43,13,12.62,0.0,2025-26,2025-09-28,17,Everton FC,0.0,0.0,12.65
9.54,0.02,59.54,38.0,-9.73,49.81,0.0,16.64,45.0,14,12.69,0.03,2025-26,2025-09-28,17,Newcastle United FC,0.01,0.0,11.82
6.65,0.01,69.86,38.0,-18.3,51.56,0.0,19.15,43.25,15,13.39,0.05,2025-26,2025-09-28,17,West Ham United FC,0.0,0.0,12.2
8.39,0.0,72.62,38.0,-30.76,41.86,0.0,20.83,34.73,16,15.66,0.22,2025-26,2025-09-28,17,Nottingham Forest FC,0.0,0.0,8.78
7.08,0.0,83.6,38.0,-51.36,32.24,0.0,24.02,27.78,17,17.48,0.51,2025-26,2025-09-28,17,Leeds United AFC,0.0,0.0,6.9
6.54,0.0,83.75,38.0,-48.4,35.35,0.0,24.87,26.31,18,17.7,0.6,2025-26,2025-09-28,17,Burnley FC,0.0,0.0,6.59
6.37,0.0,84.75,38.0,-51.92,32.83,0.0,25.87,23.65,19,18.22,0.68,2025-26,2025-09-28,17,Wolverhampton Wanderers FC,0.0,0.0,5.76
5.92,0.0,89.35,38.0,-64.94,24.41,0.0,26.45,22.81,20,18.67,0.88,2025-26,2025-09-28,17,Sunderland AFC,0.0,0.0,5.63
5.62,0.01,23.91,38.0,69.16,93.07,0.0,4.24,90.04,1,1.72,0.0,2025-26,2025-09-29,18,Arsenal FC,0.99,0.54,28.14
5.21,0.03,32.61,38.0,54.77,87.38,0.0,5.3,87.68,2,2.18,0.0,2025-26,2025-09-29,18,Liverpool FC,0.92,0.36,27.49
9.34,0.14,41.12,38.0,29.71,70.83,0.0,8.06,71.14,3,5.23,0.0,2025-26,2025-09-29,18,Crystal Palace FC,0.49,0.03,20.6
7.92,0.14,43.93,38.0,30.81,74.74,0.0,9.59,69.39,4,5.6,0.0,2025-26,2025-09-29,18,Chelsea FC,0.46,0.01,20.49
8.06,0.19,45.56,38.0,24.16,69.72,0.0,10.64,65.96,5,6.4,0.0,2025-26,2025-09-29,18,Tottenham Hotspur FC,0.28,0.02,19.3
7.48,0.04,48.86,38.0,22.18,71.04,0.0,12.07,62.83,6,7.34,0.01,2025-26,2025-09-29,18,Manchester City FC,0.26,0.01,18.45
8.22,0.12,53.34,38.0,11.07,64.41,0.0,12.81,59.13,7,8.34,0.0,2025-26,2025-09-29,18,Brighton & Hove Albion FC,0.14,0.01,16.97
8.65,0.1,55.73,38.0,4.38,60.11,0.0,12.97,57.79,8,8.96,0.0,2025-26,2025-09-29,18,AFC Bournemouth,0.11,0.01,16.38
7.5,0.07,56.77,38.0,6.0,62.77,0.0,14.14,56.58,9,9.2,0.02,2025-26,2025-09-29,18,Manchester United FC,0.11,0.0,16.36
9.66,0.03,51.89,38.0,5.51,57.4,0.0,13.4,54.48,10,9.84,0.0,2025-26,2025-09-29,18,Newcastle United FC,0.09,0.01,14.94
9.47,0.04,53.05,38.0,4.29,57.34,0.0,13.55,54.41,11,10.11,0.01,2025-26,2025-09-29,18,Aston Villa FC,0.08,0.0,14.98
8.67,0.03,59.54,38.0,-4.17,55.37,0.0,15.33,50.67,12,11.2,0.05,2025-26,2025-09-29,18,Fulham FC,0.02,0.0,14.0
8.48,0.03,61.87,38.0,-8.4,53.47,0.0,16.66,47.06,13,12.37,0.05,2025-26,2025-09-29,18,Everton FC,0.02,0.0,12.86
7.59,0.01,65.3,38.0,-10.87,54.43,0.0,17.27,47.01,14,12.12,0.07,2025-26,2025-09-29,18,Brentford FC,0.02,0.0,13.14
8.59,0.01,63.98,38.0,-12.5,51.48,0.0,17.28,44.98,15,12.86,0.06,2025-26,2025-09-29,18,Nottingham Forest FC,0.01,0.0,12.13
7.34,0.01,75.36,38.0,-29.36,46.0,0.0,20.82,36.86,16,15.04,0.22,2025-26,2025-09-29,18,West Ham United FC,0.0,0.0,9.84
7.22,0.0,80.99,38.0,-46.28,34.71,0.0,23.44,29.24,17,17.22,0.53,2025-26,2025-09-29,18,Leeds United AFC,0.0,0.0,7.34
6.77,0.0,83.26,38.0,-52.56,30.7,0.0,24.3,27.56,18,17.74,0.56,2025-26,2025-09-29,18,Sunderland AFC,0.0,0.0,6.93
6.71,0.0,81.49,38.0,-47.57,33.92,0.0,25.19,25.01,19,18.23,0.66,2025-26,2025-09-29,18,Wolverhampton Wanderers FC,0.0,0.0,6.1
6.4,0.0,85.0,38.0,-50.33,34.67,0.0,25.49,24.73,20,18.3,0.76,2025-26,2025-09-29,18,Burnley FC,0.0,0.0,6.11
5.07,0.02,30.01,38.0,59.45,89.46,0.0,4.78,89.52,1,1.66,0.0,2025-26,2025-10-03,19,Liverpool FC,0.97,0.57,28.15
6.19,0.03,30.19,38.0,54.73,84.92,0.0,5.9,83.92,2,2.59,0.0,2025-26,2025-10-03,19,Arsenal FC,0.89,0.29,25.91
7.9,0.1,42.78,38.0,35.17,77.95,0.0,9.19,70.63,3,5.18,0.0,2025-26,2025-10-03,19,Chelsea FC,0.45,0.06,20.91
8.38,0.18,46.16,38.0,24.17,70.33,0.0,9.14,69.82,4,5.37,0.0,2025-26,2025-10-03,19,AFC Bournemouth,0.4,0.04,20.48
7.47,0.09,43.94,38.0,32.53,76.47,0.0,10.04,68.94,5,5.59,0.0,2025-26,2025-10-03,19,Manchester City FC,0.46,0.02,20.49
9.56,0.13,45.98,38.0,20.26,66.24,0.0,9.75,65.63,6,6.58,0.0,2025-26,2025-10-03,19,Crystal Palace FC,0.31,0.0,18.69
8.21,0.13,48.71,38.0,17.08,65.79,0.0,11.73,62.39,7,7.53,0.0,2025-26,2025-10-03,19,Tottenham Hotspur FC,0.18,0.02,18.06
9.26,0.13,48.09,38.0,14.51,62.6,0.0,11.85,59.93,8,8.38,0.0,2025-26,2025-10-03,19,Aston Villa FC,0.09,0.0,16.89
9.33,0.06,46.87,38.0,15.62,62.49,0.0,11.81,59.91,9,8.25,0.0,2025-26,2025-10-03,19,Newcastle United FC,0.19,0.0,16.86
8.59,0.05,58.85,38.0,0.09,58.94,0.0,14.77,52.51,10,10.58,0.03,2025-26,2025-10-03,19,Brighton & Hove Albion FC,0.0,0.0,14.64
7.15,0.05,60.68,38.0,-4.54,56.14,0.0,16.15,51.25,11,10.91,0.02,2025-26,2025-10-03,19,Manchester United FC,0.02,0.0,14.7
7.73,0.02,64.48,38.0,-8.23,56.25,0.0,16.81,48.11,12,11.8,0.01,2025-26,2025-10-03,19,Brentford FC,0.03,0.0,13.46
8.4,0.0,62.76,38.0,-11.42,51.34,0.0,17.03,46.11,13,12.35,0.06,2025-26,2025-10-03,19,Nottingham Forest FC,0.01,0.0,12.57
8.93,0.01,61.61,38.0,-10.74,50.87,0.0,16.91,45.41,14,12.57,0.05,2025-26,2025-10-03,19,Everton FC,0.0,0.0,12.16
8.16,0.0,67.46,38.0,-21.18,46.28,0.0,19.08,40.44,15,14.38,0.09,2025-26,2025-10-03,19,Fulham FC,0.0,0.0,10.76
7.09,0.0,72.23,38.0,-27.66,44.57,0.0,21.22,36.16,16,15.32,0.2,2025-26,2025-10-03,19,Wolverhampton Wanderers FC,0.0,0.0,9.69
7.04,0.0,78.73,38.0,-37.28,41.45,0.0,22.53,32.33,17,16.58,0.43,2025-26,2025-10-03,19,West Ham United FC,0.0,0.0,8.43
7.52,0.0,81.04,38.0,-46.5,34.54,0.0,23.2,29.36,18,17.58,0.57,2025-26,2025-10-03,19,Leeds United AFC,0.0,0.0,7.28
7.01,0.0,83.22,38.0,-53.86,29.36,0.0,24.54,26.36,19,18.12,0.74,2025-26,2025-10-03,19,Sunderland AFC,0.0,0.0,6.45
6.49,0.0,85.92,38.0,-52.2,33.72,0.0,25.83,23.53,20,18.68,0.8,2025-26,2025-10-03,19,Burnley FC,0.0,0.0,5.68
5.26,0.0,23.29,38.0,69.38,92.67,0.0,4.0,91.48,1,1.25,0.0,2025-26,2025-10-04,20,Arsenal FC,1.0,0.82,28.74
7.67,0.14,39.6,38.0,39.52,79.12,0.0,8.04,74.54,2,4.25,0.0,2025-26,2025-10-04,20,Tottenham Hotspur FC,0.59,0.05,22.29
7.53,0.08,41.36,38.0,38.75,80.11,0.0,8.43,73.65,3,4.54,0.0,2025-26,2025-10-04,20,Chelsea FC,0.59,0.06,22.04
5.83,0.13,46.13,38.0,28.77,74.9,0.0,9.96,72.46,4,5.03,0.0,2025-26,2025-10-04,20,Liverpool FC,0.48,0.02,22.21
7.15,0.12,44.66,38.0,33.2,77.86,0.0,10.3,68.8,5,5.98,0.0,2025-26,2025-10-04,20,Manchester City FC,0.34,0.03,20.55
6.81,0.11,47.52,38.0,22.8,70.32,0.0,11.13,66.99,6,6.43,0.0,2025-26,2025-10-04,20,Manchester United FC,0.34,0.01,20.06
8.36,0.14,48.43,38.0,19.13,67.56,0.0,10.39,66.11,7,6.92,0.0,2025-26,2025-10-04,20,AFC Bournemouth,0.27,0.01,19.25
9.43,0.09,47.18,38.0,17.57,64.75,0.0,10.35,64.09,8,7.52,0.0,2025-26,2025-10-04,20,Crystal Palace FC,0.2,0.0,18.22
8.84,0.07,49.29,38.0,12.81,62.1,0.0,12.31,59.39,9,8.66,0.01,2025-26,2025-10-04,20,Aston Villa FC,0.07,0.0,16.85
9.46,0.06,48.69,38.0,13.22,61.91,0.0,12.06,58.9,10,8.74,0.0,2025-26,2025-10-04,20,Newcastle United FC,0.09,0.0,16.48
8.2,0.02,59.21,38.0,1.08,60.29,0.0,14.55,53.95,11,10.33,0.0,2025-26,2025-10-04,20,Brighton & Hove Albion FC,0.03,0.0,15.25
7.26,0.01,67.13,38.0,-12.91,54.22,0.0,18.1,45.18,12,12.9,0.02,2025-26,2025-10-04,20,Brentford FC,0.0,0.0,12.64
8.42,0.01,64.46,38.0,-14.34,50.12,0.0,17.63,44.27,13,12.94,0.02,2025-26,2025-10-04,20,Everton FC,0.0,0.0,11.95
8.21,0.02,66.25,38.0,-15.81,50.44,0.0,17.96,43.7,14,13.12,0.04,2025-26,2025-10-04,20,Nottingham Forest FC,0.0,0.0,11.83
7.98,0.0,68.91,38.0,-21.26,47.65,0.0,18.69,41.97,15,13.78,0.09,2025-26,2025-10-04,20,Fulham FC,0.0,0.0,11.33
7.02,0.0,74.04,38.0,-30.81,43.23,0.0,22.24,33.24,16,16.03,0.28,2025-26,2025-10-04,20,Wolverhampton Wanderers FC,0.0,0.0,8.74
7.23,0.0,82.91,38.0,-47.47,35.44,0.0,23.73,28.35,17,17.42,0.52,2025-26,2025-10-04,20,Leeds United AFC,0.0,0.0,7.04
6.38,0.0,83.13,38.0,-45.69,37.44,0.0,24.46,27.86,18,17.57,0.55,2025-26,2025-10-04,20,West Ham United FC,0.0,0.0,7.16
6.3,0.0,83.33,38.0,-54.48,28.85,0.0,24.94,26.58,19,18.06,0.7,2025-26,2025-10-04,20,Sunderland AFC,0.0,0.0,6.76
6.26,0.0,87.33,38.0,-53.46,33.87,0.0,25.93,23.69,20,18.53,0.77,2025-26,2025-10-04,20,Burnley FC,0.0,0.0,5.81
5.46,0.0,22.99,38.0,70.58,93.57,0.0,4.32,90.12,1,1.54,0.0,2025-26,2025-10-05,21,Arsenal FC,1.0,0.71,28.22
6.84,0.15,36.71,38.0,46.36,83.07,0.0,7.31,78.39,2,3.82,0.0,2025-26,2025-10-05,21,Chelsea FC,0.65,0.11,23.85
7.14,0.1,37.85,38.0,40.35,78.2,0.0,8.22,75.06,3,4.45,0.0,2025-26,2025-10-05,21,Tottenham Hotspur FC,0.58,0.08,22.64
6.52,0.11,38.91,38.0,39.33,78.24,0.0,9.22,73.3,4,5.06,0.0,2025-26,2025-10-05,21,Manchester City FC,0.47,0.06,22.26
6.56,0.11,43.01,38.0,30.6,73.61,0.0,10.15,70.43,5,5.89,0.0,2025-26,2025-10-05,21,Manchester United FC,0.38,0.01,21.29
8.47,0.09,39.84,38.0,28.06,67.9,0.0,9.79,67.69,6,6.63,0.0,2025-26,2025-10-05,21,Newcastle United FC,0.25,0.0,19.74
7.86,0.09,47.88,38.0,20.1,67.98,0.0,10.45,66.93,7,7.19,0.0,2025-26,2025-10-05,21,AFC Bournemouth,0.17,0.02,19.69
8.54,0.16,42.81,38.0,25.13,67.94,0.0,10.03,66.83,8,6.97,0.0,2025-26,2025-10-05,21,Aston Villa FC,0.2,0.0,19.43
6.02,0.07,51.94,38.0,15.25,67.19,0.0,12.08,65.72,9,7.46,0.0,2025-26,2025-10-05,21,Liverpool FC,0.19,0.01,19.9
8.05,0.04,51.26,38.0,9.46,60.72,0.0,12.95,59.05,10,9.24,0.0,2025-26,2025-10-05,21,Everton FC,0.05,0.0,17.0
9.15,0.07,53.04,38.0,9.09,62.13,0.0,12.72,57.54,11,9.67,0.0,2025-26,2025-10-05,21,Brighton & Hove Albion FC,0.05,0.0,16.13
8.96,0.01,54.74,38.0,-0.5,54.24,0.0,14.36,53.0,12,10.99,0.0,2025-26,2025-10-05,21,Crystal Palace FC,0.01,0.0,14.68
7.92,0.0,70.72,38.0,-25.08,45.64,0.0,19.61,39.33,13,13.86,0.04,2025-26,2025-10-05,21,Fulham FC,0.0,0.0,10.47
7.58,0.0,71.88,38.0,-30.84,41.04,0.0,21.06,35.66,14,15.02,0.19,2025-26,2025-10-05,21,Nottingham Forest FC,0.0,0.0,9.36
6.88,0.0,76.25,38.0,-31.89,44.36,0.0,21.63,35.35,15,15.23,0.16,2025-26,2025-10-05,21,Brentford FC,0.0,0.0,9.49
6.44,0.0,80.23,38.0,-41.03,39.2,0.0,23.61,30.29,16,16.4,0.35,2025-26,2025-10-05,21,West Ham United FC,0.0,0.0,7.95
6.88,0.0,82.44,38.0,-49.13,33.31,0.0,24.04,28.12,17,16.99,0.42,2025-26,2025-10-05,21,Leeds United AFC,0.0,0.0,7.08
6.45,0.0,81.48,38.0,-52.31,29.17,0.0,24.65,27.15,18,17.26,0.48,2025-26,2025-10-05,21,Sunderland AFC,0.0,0.0,6.9
6.22,0.0,83.72,38.0,-48.65,35.07,0.0,25.19,25.99,19,17.58,0.55,2025-26,2025-10-05,21,Burnley FC,0.0,0.0,6.59
6.68,0.0,86.05,38.0,-54.88,31.17,0.0,26.3,21.74,20,18.75,0.81,2025-26,2025-10-05,21,Wolverhampton Wanderers FC,0.0,0.0,5.02
4.72,0.01,20.67,38.0,74.78,95.45,0.0,3.64,93.64,1,1.27,0.0,2025-26,2025-10-18,22,Arsenal FC,0.99,0.78,29.64
7.06,0.15,35.06,38.0,48.23,83.29,0.0,7.1,78.58,2,3.76,0.0,2025-26,2025-10-18,22,Chelsea FC,0.65,0.09,23.84
6.25,0.19,35.61,38.0,44.73,80.34,0.0,8.11,77.17,3,4.08,0.0,2025-26,2025-10-18,22,Manchester City FC,0.61,0.03,23.64
7.17,0.16,36.13,38.0,42.96,79.09,0.0,7.76,76.38,4,4.22,0.0,2025-26,2025-10-18,22,Tottenham Hotspur FC,0.62,0.05,23.07
6.33,0.12,44.13,38.0,31.31,75.44,0.0,10.26,70.56,5,5.88,0.0,2025-26,2025-10-18,22,Manchester United FC,0.35,0.03,21.41
8.85,0.09,41.65,38.0,26.49,68.14,0.0,9.78,66.96,6,6.85,0.0,2025-26,2025-10-18,22,Aston Villa FC,0.2,0.0,19.37
5.85,0.09,51.81,38.0,15.46,67.27,0.0,12.02,66.24,7,7.15,0.0,2025-26,2025-10-18,22,Liverpool FC,0.21,0.02,20.13
8.78,0.1,49.04,38.0,21.1,70.14,0.0,10.27,65.63,8,7.12,0.0,2025-26,2025-10-18,22,Brighton & Hove Albion FC,0.2,0.0,18.95
8.76,0.03,54.53,38.0,11.1,65.63,0.0,11.73,61.29,9,8.42,0.0,2025-26,2025-10-18,22,AFC Bournemouth,0.13,0.0,17.51
10.21,0.02,52.97,38.0,6.41,59.38,0.0,12.49,56.11,10,9.99,0.0,2025-26,2025-10-18,22,Crystal Palace FC,0.01,0.0,15.3
8.8,0.03,51.59,38.0,7.18,58.77,0.0,13.87,54.79,11,10.06,0.0,2025-26,2025-10-18,22,Newcastle United FC,0.03,0.0,15.33
7.94,0.01,58.34,38.0,-2.38,55.96,0.0,15.26,52.34,12,10.91,0.0,2025-26,2025-10-18,22,Everton FC,0.0,0.0,14.8
8.15,0.0,66.85,38.0,-19.77,47.08,0.0,18.83,41.21,13,13.48,0.05,2025-26,2025-10-18,22,Fulham FC,0.0,0.0,11.02
6.81,0.0,74.71,38.0,-29.61,45.1,0.0,21.14,36.96,14,14.81,0.13,2025-26,2025-10-18,22,Brentford FC,0.0,0.0,10.05
7.6,0.0,72.14,38.0,-31.24,40.9,0.0,21.25,35.05,15,15.18,0.19,2025-26,2025-10-18,22,Nottingham Forest FC,0.0,0.0,9.15
6.43,0.0,79.33,38.0,-39.53,39.8,0.0,23.24,31.42,16,16.02,0.27,2025-26,2025-10-18,22,West Ham United FC,0.0,0.0,8.33
6.34,0.0,82.19,38.0,-45.46,36.73,0.0,24.39,28.15,17,17.13,0.48,2025-26,2025-10-18,22,Burnley FC,0.0,0.0,7.27
5.94,0.0,82.19,38.0,-52.38,29.81,0.0,24.71,27.99,18,17.19,0.48,2025-26,2025-10-18,22,Sunderland AFC,0.0,0.0,7.35
6.89,0.0,82.5,38.0,-50.19,32.31,0.0,24.39,27.05,19,17.4,0.53,2025-26,2025-10-18,22,Leeds United AFC,0.0,0.0,6.72
6.56,0.0,87.77,38.0,-59.19,28.58,0.0,27.04,19.76,20,19.08,0.87,2025-26,2025-10-18,22,Wolverhampton Wanderers FC,0.0,0.0,4.4
5.11,0.0,21.0,38.0,71.88,92.88,0.0,3.6,92.98,1,1.3,0.0,2025-26,2025-10-19,23,Arsenal FC,1.0,0.8,29.29
6.77,0.08,36.51,38.0,47.24,83.75,0.0,7.39,78.29,2,3.83,0.0,2025-26,2025-10-19,23,Chelsea FC,0.68,0.08,23.84
6.3,0.08,36.31,38.0,44.02,80.33,0.0,8.18,76.86,3,4.19,0.0,2025-26,2025-10-19,23,Manchester City FC,0.65,0.08,23.52
6.34,0.14,41.23,38.0,34.39,75.62,0.0,8.9,74.62,4,4.78,0.0,2025-26,2025-10-19,23,Manchester United FC,0.5,0.04,22.76
8.14,0.13,42.37,38.0,26.89,69.26,0.0,9.74,68.5,5,6.31,0.0,2025-26,2025-10-19,23,Aston Villa FC,0.28,0.0,20.12
5.69,0.11,48.74,38.0,21.07,69.81,0.0,11.72,67.46,6,6.73,0.0,2025-26,2025-10-19,23,Liverpool FC,0.28,0.0,20.59
7.62,0.1,45.11,38.0,24.73,69.84,0.0,10.96,65.88,7,7.06,0.0,2025-26,2025-10-19,23,Tottenham Hotspur FC,0.22,0.0,19.42
8.74,0.1,47.72,38.0,21.85,69.57,0.0,10.31,65.59,8,7.12,0.0,2025-26,2025-10-19,23,Brighton & Hove Albion FC,0.21,0.0,18.95
8.92,0.16,53.59,38.0,12.23,65.82,0.0,11.17,62.65,9,8.26,0.0,2025-26,2025-10-19,23,AFC Bournemouth,0.1,0.0,17.91
8.84,0.05,48.19,38.0,11.76,59.95,0.0,12.84,57.8,10,9.39,0.0,2025-26,2025-10-19,23,Newcastle United FC,0.04,0.0,16.32
9.85,0.04,53.03,38.0,9.28,62.31,0.0,12.17,57.79,11,9.43,0.0,2025-26,2025-10-19,23,Crystal Palace FC,0.03,0.0,15.98
7.89,0.01,57.56,38.0,-2.86,54.7,0.0,15.47,51.81,12,11.13,0.0,2025-26,2025-10-19,23,Everton FC,0.01,0.0,14.64
7.75,0.0,66.52,38.0,-20.01,46.51,0.0,19.24,40.78,13,13.71,0.07,2025-26,2025-10-19,23,Fulham FC,0.0,0.0,11.01
6.99,0.0,73.27,38.0,-28.16,45.11,0.0,21.26,36.24,14,14.69,0.13,2025-26,2025-10-19,23,Brentford FC,0.0,0.0,9.75
7.4,0.0,72.23,38.0,-31.03,41.2,0.0,21.51,34.67,15,15.22,0.19,2025-26,2025-10-19,23,Nottingham Forest FC,0.0,0.0,9.09
6.52,0.0,80.52,38.0,-40.99,39.53,0.0,23.57,30.25,16,16.45,0.33,2025-26,2025-10-19,23,West Ham United FC,0.0,0.0,7.91
6.2,0.0,80.11,38.0,-49.23,30.88,0.0,23.97,29.69,17,16.74,0.37,2025-26,2025-10-19,23,Sunderland AFC,0.0,0.0,7.83
5.87,0.0,81.81,38.0,-45.68,36.13,0.0,24.71,28.13,18,17.31,0.5,2025-26,2025-10-19,23,Burnley FC,0.0,0.0,7.42
6.8,0.0,81.82,38.0,-48.97,32.85,0.0,24.25,27.65,19,17.3,0.56,2025-26,2025-10-19,23,Leeds United AFC,0.0,0.0,6.95
6.32,0.0,87.96,38.0,-58.41,29.55,0.0,27.01,20.33,20,19.05,0.85,2025-26,2025-10-19,23,Wolverhampton Wanderers FC,0.0,0.0,4.67
4.91,0.0,20.32,38.0,73.41,93.73,0.0,3.64,93.26,1,1.33,0.0,2025-26,2025-10-20,24,Arsenal FC,1.0,0.76,29.45
6.87,0.09,35.2,38.0,48.64,83.84,0.0,7.26,78.48,2,3.51,0.0,2025-26,2025-10-20,24,Chelsea FC,0.76,0.14,23.87
6.32,0.08,35.59,38.0,45.36,80.95,0.0,7.84,77.84,3,3.73,0.0,2025-26,2025-10-20,24,Manchester City FC,0.74,0.08,23.84
5.98,0.15,41.98,38.0,34.64,76.62,0.0,9.12,74.68,4,4.59,0.0,2025-26,2025-10-20,24,Manchester United FC,0.58,0.02,22.9
8.81,0.09,41.76,38.0,26.31,68.07,0.0,9.49,67.91,5,6.36,0.0,2025-26,2025-10-20,24,Aston Villa FC,0.33,0.0,19.7
5.64,0.15,50.73,38.0,18.99,69.72,0.0,12.12,66.36,6,6.93,0.0,2025-26,2025-10-20,24,Liverpool FC,0.18,0.0,20.24
8.76,0.14,48.69,38.0,19.72,68.41,0.0,10.51,64.95,7,7.25,0.0,2025-26,2025-10-20,24,Brighton & Hove Albion FC,0.14,0.0,18.73
7.69,0.14,47.62,38.0,20.48,68.1,0.0,11.7,63.52,8,7.74,0.0,2025-26,2025-10-20,24,Tottenham Hotspur FC,0.13,0.0,18.61
8.9,0.08,54.96,38.0,8.45,63.41,0.0,11.8,60.8,9,8.67,0.0,2025-26,2025-10-20,24,AFC Bournemouth,0.07,0.0,17.3
9.29,0.04,47.54,38.0,13.36,60.9,0.0,12.41,58.19,10,9.32,0.0,2025-26,2025-10-20,24,Newcastle United FC,0.04,0.0,16.3
10.36,0.02,53.01,38.0,7.77,60.78,0.0,12.07,57.07,11,9.6,0.0,2025-26,2025-10-20,24,Crystal Palace FC,0.03,0.0,15.57
8.09,0.0,59.57,38.0,-6.93,52.64,0.0,16.36,48.74,12,11.94,0.02,2025-26,2025-10-20,24,Everton FC,0.0,0.0,13.55
6.9,0.02,65.23,38.0,-12.32,52.91,0.0,18.16,45.72,13,12.56,0.01,2025-26,2025-10-20,24,Brentford FC,0.0,0.0,12.94
8.44,0.0,67.27,38.0,-22.07,45.2,0.0,19.09,39.85,14,14.05,0.11,2025-26,2025-10-20,24,Fulham FC,0.0,0.0,10.47
7.81,0.0,72.89,38.0,-31.54,41.35,0.0,21.21,34.75,15,15.12,0.2,2025-26,2025-10-20,24,Nottingham Forest FC,0.0,0.0,8.98
6.26,0.0,78.84,38.0,-39.84,39.0,0.0,23.63,30.59,16,16.4,0.29,2025-26,2025-10-20,24,West Ham United FC,0.0,0.0,8.11
6.98,0.0,79.99,38.0,-49.08,30.91,0.0,23.41,29.81,17,16.81,0.37,2025-26,2025-10-20,24,Sunderland AFC,0.0,0.0,7.61
6.22,0.0,82.67,38.0,-46.45,36.22,0.0,24.83,27.07,18,17.39,0.56,2025-26,2025-10-20,24,Burnley FC,0.0,0.0,6.95
7.2,0.0,82.03,38.0,-50.09,31.94,0.0,24.21,26.97,19,17.47,0.54,2025-26,2025-10-20,24,Leeds United AFC,0.0,0.0,6.59
6.27,0.0,86.97,38.0,-58.81,28.16,0.0,27.29,19.59,20,19.23,0.9,2025-26,2025-10-20,24,Wolverhampton Wanderers FC,0.0,0.0,4.44
4.51,0.0,20.31,38.0,74.46,94.77,0.0,3.73,93.79,1,1.33,0.0,2025-26,2025-10-24,25,Arsenal FC,0.99,0.77,29.76
6.19,0.1,35.32,38.0,46.76,82.08,0.0,7.72,78.46,2,3.68,0.0,2025-26,2025-10-24,25,Manchester City FC,0.72,0.06,24.09
7.1,0.09,35.07,38.0,48.31,83.38,0.0,7.16,78.32,3,3.69,0.0,2025-26,2025-10-24,25,Chelsea FC,0.73,0.09,23.74
6.36,0.19,43.37,38.0,33.84,77.21,0.0,9.18,73.74,4,4.95,0.0,2025-26,2025-10-24,25,Manchester United FC,0.5,0.03,22.46
8.41,0.12,40.92,38.0,27.54,68.46,0.0,9.38,69.04,5,6.08,0.0,2025-26,2025-10-24,25,Aston Villa FC,0.28,0.02,20.21
5.89,0.13,49.13,38.0,20.72,69.85,0.0,11.52,67.66,6,6.72,0.0,2025-26,2025-10-24,25,Liverpool FC,0.23,0.02,20.59
7.77,0.12,46.51,38.0,22.14,68.65,0.0,11.5,63.96,7,7.64,0.0,2025-26,2025-10-24,25,Tottenham Hotspur FC,0.15,0.0,18.73
9.07,0.08,49.61,38.0,18.02,67.63,0.0,11.05,62.71,8,7.87,0.0,2025-26,2025-10-24,25,Brighton & Hove Albion FC,0.16,0.0,17.88
9.04,0.06,56.69,38.0,8.73,65.42,0.0,11.93,60.13,9,8.62,0.0,2025-26,2025-10-24,25,AFC Bournemouth,0.07,0.0,17.03
10.24,0.05,51.73,38.0,10.55,62.28,0.0,11.52,58.96,10,8.89,0.0,2025-26,2025-10-24,25,Crystal Palace FC,0.09,0.01,16.24
8.84,0.06,49.68,38.0,9.62,59.3,0.0,13.17,56.81,11,9.55,0.0,2025-26,2025-10-24,25,Newcastle United FC,0.08,0.0,15.99
8.01,0.0,59.72,38.0,-6.96,52.76,0.0,16.25,49.23,12,11.73,0.01,2025-26,2025-10-24,25,Everton FC,0.0,0.0,13.74
6.97,0.0,64.18,38.0,-10.46,53.72,0.0,17.8,46.66,13,12.41,0.0,2025-26,2025-10-24,25,Brentford FC,0.0,0.0,13.23
7.99,0.0,69.02,38.0,-22.46,46.56,0.0,19.65,39.07,14,14.24,0.13,2025-26,2025-10-24,25,Fulham FC,0.0,0.0,10.36
7.58,0.0,73.68,38.0,-31.37,42.31,0.0,21.2,35.24,15,15.3,0.18,2025-26,2025-10-24,25,Nottingham Forest FC,0.0,0.0,9.22
6.34,0.0,80.37,38.0,-49.34,31.03,0.0,23.85,29.77,16,16.74,0.38,2025-26,2025-10-24,25,Sunderland AFC,0.0,0.0,7.81
6.28,0.0,79.93,38.0,-41.32,38.61,0.0,24.03,29.35,17,16.54,0.38,2025-26,2025-10-24,25,West Ham United FC,0.0,0.0,7.69
6.04,0.0,82.94,38.0,-46.9,36.04,0.0,24.7,27.82,18,17.26,0.49,2025-26,2025-10-24,25,Burnley FC,0.0,0.0,7.26
6.37,0.0,83.04,38.0,-51.24,31.8,0.0,24.64,27.34,19,17.59,0.53,2025-26,2025-10-24,25,Leeds United AFC,0.0,0.0,6.99
6.62,0.0,88.28,38.0,-60.64,27.64,0.0,27.21,19.13,20,19.17,0.9,2025-26,2025-10-24,25,Wolverhampton Wanderers FC,0.0,0.0,4.17
4.41,0.0,18.92,38.0,78.77,97.69,0.0,3.15,95.73,1,1.16,0.0,2025-26,2025-10-25,26,Arsenal FC,0.98,0.93,30.44
6.15,0.09,35.53,38.0,47.37,82.9,0.0,7.6,78.9,2,3.5,0.0,2025-26,2025-10-25,26,Manchester City FC,0.76,0.02,24.25
5.52,0.06,41.27,38.0,38.5,79.77,0.0,8.83,76.47,3,4.05,0.0,2025-26,2025-10-25,26,Manchester United FC,0.69,0.03,23.65
8.46,0.13,41.08,38.0,28.8,69.88,0.0,9.34,69.06,4,5.95,0.0,2025-26,2025-10-25,26,Aston Villa FC,0.31,0.01,20.2
7.29,0.16,45.79,38.0,27.95,73.74,0.0,11.0,66.42,5,6.73,0.0,2025-26,2025-10-25,26,Chelsea FC,0.2,0.0,19.71
7.87,0.07,45.43,38.0,24.91,70.34,0.0,10.73,66.07,6,6.91,0.0,2025-26,2025-10-25,26,Tottenham Hotspur FC,0.27,0.0,19.4
5.5,0.11,50.95,38.0,19.38,70.33,0.0,12.43,65.71,7,7.27,0.0,2025-26,2025-10-25,26,Liverpool FC,0.23,0.0,20.07
8.47,0.11,43.45,38.0,22.03,65.48,0.0,10.86,64.48,8,7.5,0.0,2025-26,2025-10-25,26,Newcastle United FC,0.19,0.01,18.67
8.89,0.13,52.65,38.0,14.55,67.2,0.0,10.81,63.79,9,7.71,0.0,2025-26,2025-10-25,26,AFC Bournemouth,0.18,0.0,18.3
6.46,0.05,57.77,38.0,4.49,62.26,0.0,14.66,57.1,10,9.49,0.0,2025-26,2025-10-25,26,Brentford FC,0.06,0.0,16.88
9.72,0.07,54.16,38.0,5.63,59.79,0.0,12.87,55.95,11,9.69,0.0,2025-26,2025-10-25,26,Crystal Palace FC,0.06,0.0,15.41
8.52,0.02,58.65,38.0,3.6,62.25,0.0,13.72,55.8,12,9.97,0.0,2025-26,2025-10-25,26,Brighton & Hove Albion FC,0.07,0.0,15.76
7.85,0.0,64.94,38.0,-16.33,48.61,0.0,17.82,44.84,13,12.84,0.0,2025-26,2025-10-25,26,Everton FC,0.0,0.0,12.33
7.27,0.0,68.2,38.0,-23.01,45.19,0.0,20.18,38.92,14,14.45,0.13,2025-26,2025-10-25,26,Fulham FC,0.0,0.0,10.55
7.9,0.0,72.12,38.0,-28.72,43.4,0.0,20.51,36.67,15,15.1,0.13,2025-26,2025-10-25,26,Nottingham Forest FC,0.0,0.0,9.59
6.13,0.0,78.28,38.0,-44.59,33.69,0.0,22.99,32.77,16,16.09,0.21,2025-26,2025-10-25,26,Sunderland AFC,0.0,0.0,8.88
6.32,0.0,79.32,38.0,-41.4,37.92,0.0,23.97,29.45,17,16.76,0.38,2025-26,2025-10-25,26,Burnley FC,0.0,0.0,7.71
6.98,0.0,80.85,38.0,-46.83,34.02,0.0,23.59,29.27,18,17.02,0.47,2025-26,2025-10-25,26,Leeds United AFC,0.0,0.0,7.43
5.62,0.0,84.94,38.0,-51.29,33.65,0.0,26.3,23.86,19,18.31,0.71,2025-26,2025-10-25,26,West Ham United FC,0.0,0.0,6.08
5.95,0.0,90.32,38.0,-63.81,26.51,0.0,28.0,18.1,20,19.5,0.97,2025-26,2025-10-25,26,Wolverhampton Wanderers FC,0.0,0.0,4.05
4.95,0.0,20.39,38.0,70.51,90.9,0.0,3.38,93.96,1,1.27,0.0,2025-26,2025-10-26,27,Arsenal FC,0.99,0.86,29.67
7.26,0.11,41.69,38.0,36.3,77.99,0.0,9.47,71.07,2,5.06,0.0,2025-26,2025-10-26,27,Chelsea FC,0.46,0.05,21.27
6.45,0.09,46.81,38.0,26.99,73.8,0.0,10.1,70.8,3,5.26,0.0,2025-26,2025-10-26,27,Manchester United FC,0.48,0.02,21.45
5.48,0.15,47.03,38.0,27.38,74.41,0.0,11.19,69.47,4,5.66,0.0,2025-26,2025-10-26,27,Liverpool FC,0.42,0.02,21.33
7.31,0.11,42.96,38.0,30.66,73.62,0.0,10.14,68.96,5,5.82,0.0,2025-26,2025-10-26,27,Tottenham Hotspur FC,0.41,0.02,20.55
6.78,0.13,42.53,38.0,29.73,72.26,0.0,10.84,67.92,6,5.96,0.0,2025-26,2025-10-26,27,Manchester City FC,0.4,0.01,20.38
8.6,0.11,44.75,38.0,19.92,64.67,0.0,10.57,65.09,7,7.0,0.0,2025-26,2025-10-26,27,Aston Villa FC,0.24,0.01,18.83
9.23,0.07,52.77,38.0,14.15,66.92,0.0,10.34,64.52,8,7.37,0.0,2025-26,2025-10-26,27,AFC Bournemouth,0.21,0.01,18.43
9.96,0.09,48.11,38.0,15.37,63.48,0.0,11.22,60.42,9,8.72,0.0,2025-26,2025-10-26,27,Crystal Palace FC,0.14,0.0,16.82
8.79,0.06,55.29,38.0,10.51,65.8,0.0,12.44,59.1,10,9.06,0.0,2025-26,2025-10-26,27,Brighton & Hove Albion FC,0.11,0.0,16.77
8.91,0.05,49.66,38.0,11.47,61.13,0.0,12.56,58.5,11,9.1,0.0,2025-26,2025-10-26,27,Newcastle United FC,0.09,0.0,16.53
7.18,0.03,61.2,38.0,-1.91,59.29,0.0,15.82,52.18,12,10.92,0.0,2025-26,2025-10-26,27,Brentford FC,0.04,0.0,15.0
8.04,0.0,62.61,38.0,-12.95,49.66,0.0,17.2,46.32,13,12.82,0.03,2025-26,2025-10-26,27,Everton FC,0.0,0.0,12.76
7.51,0.0,64.92,38.0,-14.21,50.71,0.0,18.35,43.93,14,13.37,0.04,2025-26,2025-10-26,27,Fulham FC,0.01,0.0,12.14
8.25,0.0,65.79,38.0,-20.01,45.78,0.0,18.9,40.8,15,14.27,0.09,2025-26,2025-10-26,27,Nottingham Forest FC,0.0,0.0,10.85
5.74,0.0,82.22,38.0,-52.22,30.0,0.0,24.25,29.77,16,16.89,0.41,2025-26,2025-10-26,27,Sunderland AFC,0.0,0.0,8.01
7.17,0.0,79.49,38.0,-44.36,35.13,0.0,23.3,29.76,17,16.95,0.43,2025-26,2025-10-26,27,Leeds United AFC,0.0,0.0,7.53
6.52,0.0,78.32,38.0,-39.42,38.9,0.0,24.15,28.51,18,17.32,0.48,2025-26,2025-10-26,27,West Ham United FC,0.0,0.0,7.33
5.84,0.0,85.23,38.0,-48.81,36.42,0.0,25.13,26.93,19,17.78,0.62,2025-26,2025-10-26,27,Burnley FC,0.0,0.0,7.03
6.45,0.0,88.61,38.0,-59.1,29.51,0.0,27.44,18.78,20,19.4,0.9,2025-26,2025-10-26,27,Wolverhampton Wanderers FC,0.0,0.0,4.11
5.15,0.03,23.61,38.0,61.95,85.56,0.0,4.56,90.02,1,1.69,0.0,2025-26,2025-11-01,28,Arsenal FC,0.94,0.65,28.29
4.38,0.06,36.84,38.0,45.53,82.37,0.0,8.3,80.34,2,3.01,0.0,2025-26,2025-11-01,28,Liverpool FC,0.8,0.21,25.32
6.05,0.11,38.41,38.0,38.25,76.66,0.0,9.39,73.73,3,4.55,0.0,2025-26,2025-11-01,28,Manchester City FC,0.6,0.07,22.56
7.32,0.19,41.84,38.0,32.75,74.59,0.0,9.91,69.63,4,5.65,0.0,2025-26,2025-11-01,28,Chelsea FC,0.4,0.01,20.77
8.12,0.18,38.31,38.0,31.04,69.35,0.0,9.46,69.38,5,5.74,0.0,2025-26,2025-11-01,28,Newcastle United FC,0.34,0.02,20.42
8.23,0.09,43.17,38.0,21.22,64.39,0.0,10.19,66.97,6,6.53,0.0,2025-26,2025-11-01,28,Aston Villa FC,0.29,0.01,19.58
7.24,0.07,55.81,38.0,11.6,67.41,0.0,12.18,62.98,7,7.54,0.0,2025-26,2025-11-01,28,Manchester United FC,0.2,0.02,18.58
7.02,0.13,48.69,38.0,16.93,65.62,0.0,12.98,61.02,8,8.21,0.0,2025-26,2025-11-01,28,Tottenham Hotspur FC,0.07,0.0,18.0
8.84,0.03,55.67,38.0,6.24,61.91,0.0,12.2,59.72,9,8.54,0.0,2025-26,2025-11-01,28,AFC Bournemouth,0.16,0.01,16.96
9.68,0.07,49.7,38.0,11.9,61.6,0.0,11.76,59.36,10,8.74,0.0,2025-26,2025-11-01,28,Crystal Palace FC,0.11,0.0,16.56
6.41,0.01,61.79,38.0,-4.03,57.76,0.0,16.8,50.78,11,11.25,0.03,2025-26,2025-11-01,28,Brentford FC,0.02,0.0,14.79
9.02,0.02,61.32,38.0,-2.97,58.35,0.0,15.13,50.57,12,11.01,0.0,2025-26,2025-11-01,28,Brighton & Hove Albion FC,0.03,0.0,13.85
7.83,0.01,58.48,38.0,-2.92,55.56,0.0,16.46,48.96,13,11.6,0.02,2025-26,2025-11-01,28,Fulham FC,0.03,0.0,13.71
8.82,0.0,67.12,38.0,-20.49,46.63,0.0,18.74,40.14,14,14.28,0.11,2025-26,2025-11-01,28,Nottingham Forest FC,0.01,0.0,10.44
7.48,0.0,68.74,38.0,-24.7,44.04,0.0,19.8,39.64,15,14.28,0.1,2025-26,2025-11-01,28,Everton FC,0.0,0.0,10.72
6.74,0.0,77.8,38.0,-45.56,32.24,0.0,22.72,32.36,16,16.68,0.36,2025-26,2025-11-01,28,Sunderland AFC,0.0,0.0,8.54
6.04,0.0,79.79,38.0,-39.75,40.04,0.0,23.61,31.09,17,16.84,0.43,2025-26,2025-11-01,28,Burnley FC,0.0,0.0,8.35
6.85,0.0,78.18,38.0,-40.52,37.66,0.0,24.2,27.7,18,17.76,0.62,2025-26,2025-11-01,28,Wolverhampton Wanderers FC,0.0,0.0,6.95
6.5,0.0,81.59,38.0,-50.37,31.22,0.0,24.54,27.38,19,17.93,0.64,2025-26,2025-11-01,28,Leeds United AFC,0.0,0.0,6.96
6.28,0.0,82.03,38.0,-46.1,35.93,0.0,25.07,26.23,20,18.17,0.69,2025-26,2025-11-01,28,West Ham United FC,0.0,0.0,6.65
5.35,0.0,25.11,38.0,58.9,84.01,0.0,4.8,88.9,1,1.5,0.0,2025-26,2025-11-02,29,Arsenal FC,0.98,0.71,27.85
5.63,0.06,32.68,38.0,49.84,82.52,0.0,7.6,79.94,2,2.75,0.0,2025-26,2025-11-02,29,Manchester City FC,0.88,0.16,24.77
7.0,0.12,37.4,38.0,41.34,78.74,0.0,8.27,75.19,3,3.83,0.0,2025-26,2025-11-02,29,Chelsea FC,0.72,0.08,22.73
5.19,0.12,42.61,38.0,34.54,77.15,0.0,9.55,74.97,4,3.76,0.0,2025-26,2025-11-02,29,Liverpool FC,0.74,0.04,23.26
8.62,0.17,44.22,38.0,18.76,62.98,0.0,10.51,65.23,5,6.57,0.0,2025-26,2025-11-02,29,Aston Villa FC,0.24,0.0,18.87
9.72,0.15,45.6,38.0,19.16,64.76,0.0,10.43,63.27,6,7.01,0.0,2025-26,2025-11-02,29,Crystal Palace FC,0.12,0.01,17.85
7.93,0.07,58.06,38.0,6.04,64.1,0.0,13.02,59.08,7,8.38,0.0,2025-26,2025-11-02,29,Manchester United FC,0.1,0.0,17.05
9.01,0.12,55.69,38.0,8.66,64.35,0.0,12.71,57.85,8,8.8,0.0,2025-26,2025-11-02,29,Brighton & Hove Albion FC,0.06,0.0,16.28
6.56,0.06,56.09,38.0,5.64,61.73,0.0,14.64,56.96,9,9.09,0.0,2025-26,2025-11-02,29,Brentford FC,0.07,0.0,16.8
7.83,0.03,54.08,38.0,6.31,60.39,0.0,14.57,54.63,10,9.81,0.0,2025-26,2025-11-02,29,Tottenham Hotspur FC,0.06,0.0,15.6
9.14,0.07,52.7,38.0,4.03,56.73,0.0,14.07,53.51,11,10.16,0.0,2025-26,2025-11-02,29,Newcastle United FC,0.02,0.0,14.79
8.32,0.0,65.95,38.0,-12.5,53.45,0.0,16.43,48.07,12,12.33,0.02,2025-26,2025-11-02,29,AFC Bournemouth,0.01,0.0,13.25
8.29,0.01,61.26,38.0,-11.49,49.77,0.0,16.91,46.69,13,12.44,0.04,2025-26,2025-11-02,29,Everton FC,0.0,0.0,12.8
7.82,0.01,62.21,38.0,-9.79,52.42,0.0,17.51,45.83,14,12.93,0.06,2025-26,2025-11-02,29,Fulham FC,0.0,0.0,12.67
6.48,0.0,68.4,38.0,-17.39,51.01,0.0,19.54,42.42,15,14.0,0.08,2025-26,2025-11-02,29,West Ham United FC,0.0,0.0,11.98
8.76,0.01,67.96,38.0,-20.9,47.06,0.0,18.95,39.63,16,14.62,0.13,2025-26,2025-11-02,29,Nottingham Forest FC,0.0,0.0,10.29
6.63,0.0,77.51,38.0,-44.18,33.33,0.0,22.66,32.76,17,17.17,0.43,2025-26,2025-11-02,29,Sunderland AFC,0.0,0.0,8.71
5.96,0.0,79.89,38.0,-40.7,39.19,0.0,24.01,30.05,18,17.61,0.62,2025-26,2025-11-02,29,Burnley FC,0.0,0.0,8.03
6.82,0.0,81.44,38.0,-50.07,31.37,0.0,24.28,27.52,19,18.26,0.77,2025-26,2025-11-02,29,Leeds United AFC,0.0,0.0,6.9
6.9,0.0,82.41,38.0,-46.2,36.21,0.0,25.56,23.52,20,18.98,0.85,2025-26,2025-11-02,29,Wolverhampton Wanderers FC,0.0,0.0,5.54
5.38,0.02,25.25,38.0,58.68,83.93,0.0,4.87,88.63,1,1.46,0.0,2025-26,2025-11-03,30,Arsenal FC,0.98,0.73,27.75
5.28,0.06,31.49,38.0,53.91,85.4,0.0,7.22,81.78,2,2.54,0.0,2025-26,2025-11-03,30,Manchester City FC,0.91,0.15,25.5
5.21,0.15,41.7,38.0,35.77,77.47,0.0,9.42,75.32,3,3.99,0.0,2025-26,2025-11-03,30,Liverpool FC,0.68,0.08,23.37
7.11,0.12,39.2,38.0,39.27,78.47,0.0,8.39,74.61,4,3.83,0.0,2025-26,2025-11-03,30,Chelsea FC,0.73,0.02,22.5
8.04,0.21,43.45,38.0,21.49,64.94,0.0,10.24,67.2,5,5.89,0.0,2025-26,2025-11-03,30,Aston Villa FC,0.24,0.01,19.72
9.39,0.09,45.77,38.0,20.14,65.91,0.0,10.57,63.51,6,6.88,0.0,2025-26,2025-11-03,30,Crystal Palace FC,0.18,0.01,18.04
7.94,0.16,57.56,38.0,7.42,64.98,0.0,12.58,60.38,7,8.22,0.0,2025-26,2025-11-03,30,Manchester United FC,0.07,0.0,17.48
8.31,0.06,55.32,38.0,8.97,64.29,0.0,12.91,58.65,8,8.54,0.0,2025-26,2025-11-03,30,Brighton & Hove Albion FC,0.06,0.0,16.78
8.66,0.06,51.66,38.0,5.71,57.37,0.0,13.83,55.19,9,9.65,0.0,2025-26,2025-11-03,30,Newcastle United FC,0.04,0.0,15.51
6.91,0.03,57.3,38.0,3.24,60.54,0.0,15.01,55.15,10,9.49,0.01,2025-26,2025-11-03,30,Brentford FC,0.08,0.0,16.08
7.42,0.02,54.53,38.0,4.85,59.38,0.0,15.3,53.26,11,10.25,0.01,2025-26,2025-11-03,30,Tottenham Hotspur FC,0.0,0.0,15.28
8.58,0.01,63.33,38.0,-8.26,55.07,0.0,15.17,51.33,12,11.08,0.0,2025-26,2025-11-03,30,AFC Bournemouth,0.02,0.0,14.25
7.87,0.01,62.41,38.0,-9.97,52.44,0.0,17.69,45.19,13,12.75,0.02,2025-26,2025-11-03,30,Fulham FC,0.01,0.0,12.44
7.18,0.0,67.91,38.0,-16.62,51.29,0.0,18.63,43.75,14,13.52,0.06,2025-26,2025-11-03,30,West Ham United FC,0.0,0.0,12.19
8.66,0.0,67.09,38.0,-19.09,48.0,0.0,18.64,40.76,15,14.4,0.08,2025-26,2025-11-03,30,Nottingham Forest FC,0.0,0.0,10.7
8.56,0.0,69.03,38.0,-27.81,41.22,0.0,19.86,37.3,16,15.66,0.26,2025-26,2025-11-03,30,Everton FC,0.0,0.0,9.58
7.04,0.0,74.16,38.0,-41.65,32.51,0.0,22.47,32.51,17,17.05,0.44,2025-26,2025-11-03,30,Sunderland AFC,0.0,0.0,8.49
5.68,0.0,80.23,38.0,-41.26,38.97,0.0,24.36,29.56,18,17.73,0.57,2025-26,2025-11-03,30,Burnley FC,0.0,0.0,7.96
6.47,0.0,82.71,38.0,-51.41,31.3,0.0,24.55,27.41,19,18.37,0.72,2025-26,2025-11-03,30,Leeds United AFC,0.0,0.0,6.98
7.21,0.0,79.74,38.0,-43.38,36.36,0.0,24.84,25.06,20,18.7,0.83,2025-26,2025-11-03,30,Wolverhampton Wanderers FC,0.0,0.0,5.95
6.44,0.02,30.64,38.0,49.39,80.03,0.0,5.93,83.33,1,2.31,0.0,2025-26,2025-11-08,31,Arsenal FC,0.93,0.42,25.63
5.73,0.07,32.17,38.0,52.92,85.09,0.0,7.05,81.39,2,2.57,0.0,2025-26,2025-11-08,31,Manchester City FC,0.88,0.29,25.22
6.27,0.06,34.19,38.0,48.21,82.4,0.0,7.47,79.05,3,3.11,0.0,2025-26,2025-11-08,31,Chelsea FC,0.86,0.15,24.26
4.87,0.19,41.59,38.0,36.41,78.0,0.0,9.35,76.21,4,3.59,0.0,2025-26,2025-11-08,31,Liverpool FC,0.71,0.1,23.78
8.43,0.21,43.89,38.0,18.84,62.73,0.0,10.4,65.94,5,6.38,0.0,2025-26,2025-11-08,31,Aston Villa FC,0.19,0.02,19.17
10.15,0.09,47.33,38.0,16.64,63.97,0.0,10.62,61.84,6,7.62,0.0,2025-26,2025-11-08,31,Crystal Palace FC,0.12,0.0,17.23
8.28,0.03,48.04,38.0,17.43,65.47,0.0,12.17,60.93,7,7.8,0.0,2025-26,2025-11-08,31,Tottenham Hotspur FC,0.13,0.01,17.55
8.12,0.08,57.34,38.0,7.03,64.37,0.0,12.82,59.3,8,8.57,0.0,2025-26,2025-11-08,31,Manchester United FC,0.08,0.01,17.06
8.95,0.06,56.14,38.0,7.72,63.86,0.0,12.89,57.43,9,8.97,0.0,2025-26,2025-11-08,31,Brighton & Hove Albion FC,0.04,0.0,16.16
6.81,0.06,57.54,38.0,3.19,60.73,0.0,15.15,54.93,10,9.83,0.02,2025-26,2025-11-08,31,Brentford FC,0.05,0.0,16.04
8.94,0.08,52.11,38.0,3.84,55.95,0.0,14.21,53.49,11,10.07,0.0,2025-26,2025-11-08,31,Newcastle United FC,0.01,0.0,14.85
8.58,0.01,65.73,38.0,-13.14,52.59,0.0,16.34,47.82,12,12.27,0.02,2025-26,2025-11-08,31,AFC Bournemouth,0.0,0.0,13.08
6.63,0.02,67.34,38.0,-13.67,53.67,0.0,18.43,45.45,13,12.85,0.04,2025-26,2025-11-08,31,West Ham United FC,0.0,0.0,12.94
8.41,0.02,62.37,38.0,-15.04,47.33,0.0,17.51,44.65,14,13.11,0.07,2025-26,2025-11-08,31,Everton FC,0.0,0.0,12.08
7.72,0.0,63.64,38.0,-15.77,47.87,0.0,18.88,41.92,15,14.09,0.06,2025-26,2025-11-08,31,Fulham FC,0.0,0.0,11.4
8.79,0.0,67.91,38.0,-22.18,45.73,0.0,19.2,38.82,16,14.91,0.17,2025-26,2025-11-08,31,Nottingham Forest FC,0.0,0.0,10.01
8.12,0.0,75.14,38.0,-40.86,34.28,0.0,21.4,33.56,17,16.69,0.33,2025-26,2025-11-08,31,Sunderland AFC,0.0,0.0,8.48
5.59,0.0,81.06,38.0,-41.42,39.64,0.0,24.6,29.02,18,17.8,0.64,2025-26,2025-11-08,31,Burnley FC,0.0,0.0,7.81
5.97,0.0,83.61,38.0,-52.94,30.67,0.0,25.32,26.1,19,18.54,0.81,2025-26,2025-11-08,31,Leeds United AFC,0.0,0.0,6.71
6.98,0.0,81.56,38.0,-46.6,34.96,0.0,25.37,23.93,20,18.92,0.84,2025-26,2025-11-08,31,Wolverhampton Wanderers FC,0.0,0.0,5.65
5.19,0.01,28.12,38.0,58.47,86.59,0.0,6.48,84.18,1,2.08,0.0,2025-26,2025-11-09,32,Manchester City FC,0.95,0.47,26.33
6.92,0.04,30.79,38.0,48.96,79.75,0.0,5.6,83.36,2,2.14,0.0,2025-26,2025-11-09,32,Arsenal FC,0.95,0.34,25.48
6.62,0.14,35.34,38.0,44.98,80.32,0.0,7.99,76.79,3,3.51,0.0,2025-26,2025-11-09,32,Chelsea FC,0.75,0.09,23.39
8.1,0.19,38.56,38.0,31.28,69.84,0.0,8.7,71.7,4,4.85,0.0,2025-26,2025-11-09,32,Aston Villa FC,0.49,0.08,21.2
5.33,0.17,45.49,38.0,28.39,73.88,0.0,10.72,71.18,5,5.13,0.0,2025-26,2025-11-09,32,Liverpool FC,0.44,0.02,21.95
6.37,0.14,48.44,38.0,22.53,70.97,0.0,11.57,66.55,6,6.18,0.0,2025-26,2025-11-09,32,Brentford FC,0.2,0.0,20.06
8.57,0.16,55.88,38.0,9.71,65.59,0.0,12.0,60.86,7,8.07,0.0,2025-26,2025-11-09,32,Manchester United FC,0.05,0.0,17.43
8.87,0.07,49.12,38.0,15.72,64.84,0.0,12.35,59.21,8,8.31,0.0,2025-26,2025-11-09,32,Tottenham Hotspur FC,0.1,0.0,16.78
10.2,0.0,51.82,38.0,5.93,57.75,0.0,12.8,55.2,9,9.7,0.0,2025-26,2025-11-09,32,Crystal Palace FC,0.04,0.0,15.0
8.58,0.02,54.74,38.0,-0.11,54.63,0.0,14.95,51.99,10,10.68,0.0,2025-26,2025-11-09,32,Newcastle United FC,0.02,0.0,14.47
8.43,0.03,58.08,38.0,-1.93,56.15,0.0,15.29,51.27,11,10.68,0.0,2025-26,2025-11-09,32,Nottingham Forest FC,0.0,0.0,14.28
9.51,0.01,62.77,38.0,-8.6,54.17,0.0,15.85,47.43,12,12.4,0.03,2025-26,2025-11-09,32,Brighton & Hove Albion FC,0.0,0.0,12.64
6.89,0.02,66.62,38.0,-12.5,54.12,0.0,17.98,46.28,13,12.73,0.01,2025-26,2025-11-09,32,West Ham United FC,0.0,0.0,13.13
8.89,0.0,61.81,38.0,-13.23,48.58,0.0,16.74,46.0,14,12.78,0.03,2025-26,2025-11-09,32,Everton FC,0.01,0.0,12.37
8.62,0.0,69.87,38.0,-19.98,49.89,0.0,17.14,45.34,15,13.17,0.03,2025-26,2025-11-09,32,AFC Bournemouth,0.0,0.0,12.24
7.51,0.0,68.18,38.0,-24.05,44.13,0.0,20.78,36.64,16,15.66,0.2,2025-26,2025-11-09,32,Fulham FC,0.0,0.0,9.71
8.45,0.0,72.11,38.0,-36.8,35.31,0.0,20.68,35.06,17,16.2,0.23,2025-26,2025-11-09,32,Sunderland AFC,0.0,0.0,8.87
5.91,0.0,81.97,38.0,-42.33,39.64,0.0,24.62,28.32,18,17.86,0.64,2025-26,2025-11-09,32,Burnley FC,0.0,0.0,7.47
6.5,0.0,85.91,38.0,-56.66,29.25,0.0,25.49,24.53,19,18.75,0.88,2025-26,2025-11-09,32,Leeds United AFC,0.0,0.0,6.01
6.86,0.0,83.1,38.0,-49.78,33.32,0.0,26.11,21.95,20,19.12,0.95,2025-26,2025-11-09,32,Wolverhampton Wanderers FC,0.0,0.0,5.03
6.55,0.05,30.4,38.0,51.5,81.9,0.0,5.59,84.13,1,1.91,0.0,2025-26,2025-11-22,33,Arsenal FC,0.92,0.55,25.86
6.38,0.05,35.93,38.0,45.9,81.83,0.0,7.79,77.87,2,3.08,0.0,2025-26,2025-11-22,33,Chelsea FC,0.86,0.13,23.83
5.43,0.1,34.22,38.0,47.62,81.84,0.0,8.46,77.76,3,3.2,0.0,2025-26,2025-11-22,33,Manchester City FC,0.77,0.22,24.11
8.17,0.19,38.64,38.0,30.15,68.79,0.0,8.99,70.69,4,4.87,0.0,2025-26,2025-11-22,33,Aston Villa FC,0.5,0.05,20.84
4.85,0.15,48.36,38.0,23.51,71.87,0.0,11.58,69.56,5,5.21,0.0,2025-26,2025-11-22,33,Liverpool FC,0.44,0.04,21.57
10.33,0.11,45.68,38.0,16.73,62.41,0.0,10.45,61.99,6,7.66,0.0,2025-26,2025-11-22,33,Crystal Palace FC,0.17,0.01,17.22
8.63,0.07,48.8,38.0,11.06,59.86,0.0,12.48,59.3,7,8.31,0.0,2025-26,2025-11-22,33,Newcastle United FC,0.1,0.0,16.89
8.61,0.1,56.78,38.0,7.05,63.83,0.0,12.62,58.92,8,8.65,0.0,2025-26,2025-11-22,33,Manchester United FC,0.03,0.0,16.77
8.77,0.06,50.73,38.0,13.45,64.18,0.0,12.82,58.0,9,8.77,0.0,2025-26,2025-11-22,33,Tottenham Hotspur FC,0.09,0.0,16.41
9.45,0.06,56.27,38.0,4.16,60.43,0.0,13.11,55.77,10,9.71,0.01,2025-26,2025-11-22,33,Brighton & Hove Albion FC,0.04,0.0,15.44
6.24,0.04,57.55,38.0,3.68,61.23,0.0,15.5,55.02,11,9.9,0.0,2025-26,2025-11-22,33,Brentford FC,0.04,0.0,16.26
7.93,0.02,58.39,38.0,-1.36,57.03,0.0,15.42,51.88,12,10.97,0.01,2025-26,2025-11-22,33,Nottingham Forest FC,0.03,0.0,14.65
7.19,0.0,60.14,38.0,-8.83,51.31,0.0,17.53,47.03,13,12.79,0.02,2025-26,2025-11-22,33,Fulham FC,0.0,0.0,13.28
9.13,0.0,69.37,38.0,-17.81,51.56,0.0,16.68,45.7,14,13.24,0.03,2025-26,2025-11-22,33,AFC Bournemouth,0.0,0.0,12.19
8.28,0.0,64.04,38.0,-16.76,47.28,0.0,17.96,43.56,15,13.76,0.06,2025-26,2025-11-22,33,Everton FC,0.01,0.0,11.76
7.52,0.0,71.45,38.0,-21.77,49.68,0.0,19.76,39.68,16,15.15,0.14,2025-26,2025-11-22,33,West Ham United FC,0.0,0.0,10.72
7.98,0.0,73.99,38.0,-40.65,33.34,0.0,21.88,32.4,17,17.04,0.4,2025-26,2025-11-22,33,Sunderland AFC,0.0,0.0,8.14
5.89,0.0,81.3,38.0,-44.19,37.11,0.0,25.07,27.01,18,18.2,0.69,2025-26,2025-11-22,33,Burnley FC,0.0,0.0,7.04
6.47,0.0,84.8,38.0,-54.43,30.37,0.0,25.11,25.73,19,18.49,0.75,2025-26,2025-11-22,33,Leeds United AFC,0.0,0.0,6.42
7.12,0.0,82.96,38.0,-49.01,33.95,0.0,25.74,22.54,20,19.09,0.89,2025-26,2025-11-22,33,Wolverhampton Wanderers FC,0.0,0.0,5.14
5.84,0.0,24.22,38.0,62.61,86.83,0.0,3.99,90.35,1,1.33,0.0,2025-26,2025-11-23,34,Arsenal FC,1.0,0.77,28.17
6.49,0.07,34.81,38.0,45.24,80.05,0.0,7.71,77.89,2,3.17,0.0,2025-26,2025-11-23,34,Chelsea FC,0.84,0.09,23.8
5.78,0.1,36.86,38.0,42.98,79.84,0.0,9.37,74.33,3,3.92,0.0,2025-26,2025-11-23,34,Manchester City FC,0.68,0.07,22.85
7.71,0.05,39.03,38.0,30.28,69.31,0.0,8.7,72.48,4,4.48,0.0,2025-26,2025-11-23,34,Aston Villa FC,0.61,0.06,21.59
10.08,0.15,43.28,38.0,20.58,63.86,0.0,9.69,64.77,5,6.55,0.0,2025-26,2025-11-23,34,Crystal Palace FC,0.28,0.0,18.23
5.33,0.12,53.89,38.0,12.44,66.33,0.0,13.68,62.3,6,7.47,0.0,2025-26,2025-11-23,34,Liverpool FC,0.19,0.0,18.99
8.47,0.11,47.06,38.0,14.95,62.01,0.0,11.98,61.12,7,7.78,0.0,2025-26,2025-11-23,34,Newcastle United FC,0.15,0.01,17.55
8.82,0.07,56.26,38.0,8.79,65.05,0.0,12.1,60.06,8,8.28,0.0,2025-26,2025-11-23,34,Manchester United FC,0.09,0.0,17.08
7.64,0.12,51.82,38.0,10.33,62.15,0.0,13.63,57.83,9,8.98,0.0,2025-26,2025-11-23,34,Nottingham Forest FC,0.03,0.0,16.73
9.78,0.06,55.89,38.0,4.92,60.81,0.0,12.73,56.25,10,9.71,0.0,2025-26,2025-11-23,34,Brighton & Hove Albion FC,0.05,0.0,15.49
6.0,0.02,58.61,38.0,2.19,60.8,0.0,15.98,54.06,11,10.4,0.0,2025-26,2025-11-23,34,Brentford FC,0.05,0.0,16.02
8.2,0.06,56.58,38.0,4.04,60.62,0.0,14.58,53.86,12,10.43,0.0,2025-26,2025-11-23,34,Tottenham Hotspur FC,0.03,0.0,15.22
7.22,0.04,58.47,38.0,-6.42,52.05,0.0,17.21,47.93,13,12.4,0.01,2025-26,2025-11-23,34,Fulham FC,0.0,0.0,13.57
9.3,0.0,70.64,38.0,-20.54,50.1,0.0,16.89,44.73,14,13.74,0.03,2025-26,2025-11-23,34,AFC Bournemouth,0.0,0.0,11.81
8.35,0.02,63.3,38.0,-16.05,47.25,0.0,17.83,43.81,15,13.85,0.03,2025-26,2025-11-23,34,Everton FC,0.0,0.0,11.82
6.92,0.01,70.93,38.0,-20.06,50.87,0.0,19.58,41.42,16,14.4,0.03,2025-26,2025-11-23,34,West Ham United FC,0.0,0.0,11.5
7.67,0.0,75.14,38.0,-42.2,32.94,0.0,22.11,32.33,17,17.04,0.36,2025-26,2025-11-23,34,Sunderland AFC,0.0,0.0,8.22
5.58,0.0,83.5,38.0,-46.42,37.08,0.0,25.59,26.07,18,18.2,0.74,2025-26,2025-11-23,34,Burnley FC,0.0,0.0,6.83
5.99,0.0,84.82,38.0,-55.18,29.64,0.0,26.04,23.9,19,18.69,0.87,2025-26,2025-11-23,34,Leeds United AFC,0.0,0.0,5.97
6.59,0.0,84.95,38.0,-52.48,32.47,0.0,26.73,20.63,20,19.18,0.93,2025-26,2025-11-23,34,Wolverhampton Wanderers FC,0.0,0.0,4.68
5.84,0.01,25.61,38.0,62.39,88.0,1.0,4.16,89.84,1,1.31,0.0,2025-26,2025-11-24,35,Arsenal FC,0.99,0.78,28.0
6.31,0.06,35.19,38.0,47.24,82.43,1.0,7.74,78.16,2,2.89,0.0,2025-26,2025-11-24,35,Chelsea FC,0.88,0.11,23.95
5.93,0.07,36.87,38.0,41.72,78.59,1.0,9.3,74.24,3,3.69,0.0,2025-26,2025-11-24,35,Manchester City FC,0.76,0.09,22.77
7.99,0.11,39.58,38.0,28.65,68.23,1.0,9.0,71.02,4,4.63,0.0,2025-26,2025-11-24,35,Aston Villa FC,0.58,0.02,21.01
5.0,0.14,52.79,38.0,14.37,67.16,1.0,13.2,64.4,5,6.78,0.0,2025-26,2025-11-24,35,Liverpool FC,0.26,0.0,19.8
10.18,0.09,44.1,38.0,17.56,61.66,1.0,10.24,62.92,6,7.16,0.0,2025-26,2025-11-24,35,Crystal Palace FC,0.21,0.0,17.58
7.73,0.12,51.68,38.0,12.15,63.83,1.0,13.19,58.97,7,8.58,0.0,2025-26,2025-11-24,35,Nottingham Forest FC,0.05,0.0,17.08
8.21,0.15,48.27,38.0,12.44,60.71,1.0,12.99,58.61,8,8.55,0.0,2025-26,2025-11-24,35,Newcastle United FC,0.09,0.0,16.8
8.02,0.09,57.99,38.0,3.97,61.96,1.0,13.69,56.89,9,9.33,0.0,2025-26,2025-11-24,35,Manchester United FC,0.02,0.0,16.29
9.13,0.05,57.03,38.0,3.29,60.32,1.0,13.19,56.17,10,9.57,0.0,2025-26,2025-11-24,35,Brighton & Hove Albion FC,0.07,0.0,15.68
6.54,0.05,57.91,38.0,1.6,59.51,1.0,15.62,54.06,11,10.4,0.0,2025-26,2025-11-24,35,Brentford FC,0.04,0.0,15.84
8.24,0.03,55.5,38.0,3.45,58.95,1.0,14.88,52.88,12,10.81,0.01,2025-26,2025-11-24,35,Tottenham Hotspur FC,0.03,0.0,14.88
7.29,0.02,58.74,38.0,-6.88,51.86,1.0,17.04,48.3,13,12.35,0.01,2025-26,2025-11-24,35,Fulham FC,0.02,0.0,13.67
7.95,0.01,59.98,38.0,-11.96,48.02,1.0,16.88,47.46,14,12.82,0.03,2025-26,2025-11-24,35,Everton FC,0.0,0.0,13.17
8.63,0.0,70.86,38.0,-21.71,49.15,1.0,17.64,43.82,15,13.92,0.03,2025-26,2025-11-24,35,AFC Bournemouth,0.0,0.0,11.73
7.38,0.0,69.56,38.0,-17.31,52.25,1.0,18.74,43.02,16,14.28,0.04,2025-26,2025-11-24,35,West Ham United FC,0.0,0.0,11.88
8.06,0.0,73.14,38.0,-39.09,34.05,1.0,21.49,33.41,17,16.86,0.33,2025-26,2025-11-24,35,Sunderland AFC,0.0,0.0,8.45
5.24,0.0,82.9,38.0,-44.61,38.29,1.0,25.31,27.59,18,18.04,0.7,2025-26,2025-11-24,35,Burnley FC,0.0,0.0,7.45
5.84,0.0,84.55,38.0,-54.61,29.94,1.0,25.72,25.16,19,18.67,0.88,2025-26,2025-11-24,35,Leeds United AFC,0.0,0.0,6.44
6.25,0.0,84.82,38.0,-52.66,32.16,1.0,27.1,20.2,20,19.36,0.97,2025-26,2025-11-24,35,Wolverhampton Wanderers FC,0.0,0.0,4.65
