team,team.logo,team.color,team.style
AFC Bournemouth,https://upload.wikimedia.org/wikipedia/en/thumb/e/e5/AFC_Bournemouth_%282013%29.svg/330px-AFC_Bournemouth_%282013%29.svg.png,#af1a1f,width:35px;height:45px;
Arsenal FC,https://upload.wikimedia.org/wikipedia/en/thumb/5/53/Arsenal_FC.svg/500px-Arsenal_FC.svg.png,#cc000a,width:35px;height:40px;
Aston Villa FC,https://upload.wikimedia.org/wikipedia/en/thumb/9/9a/Aston_Villa_FC_new_crest.svg/330px-Aston_Villa_FC_new_crest.svg.png,#9fbbe0,width:35px;height:45px;
Barnsley FC,https://upload.wikimedia.org/wikipedia/en/thumb/c/c9/Barnsley_FC.svg/400px-Barnsley_FC.svg.png,#8c1016,width:40px;height:40px;
Birmingham City FC,https://upload.wikimedia.org/wikipedia/en/thumb/6/68/Birmingham_City_FC_logo.svg/320px-Birmingham_City_FC_logo.svg.png,#2d3f8c,width:40px;height:40px;
Blackburn Rovers FC,https://upload.wikimedia.org/wikipedia/en/thumb/0/0f/Blackburn_Rovers.svg/380px-Blackburn_Rovers.svg.png,#599ddc,width:40px;height:40px;
Blackpool FC,https://upload.wikimedia.org/wikipedia/en/thumb/d/df/Blackpool_FC_logo.svg/400px-Blackpool_FC_logo.svg.png,#d88226,width:40px;height:40px;
Bolton Wanderers FC,https://upload.wikimedia.org/wikipedia/en/thumb/8/82/Bolton_Wanderers_FC_logo.svg/380px-Bolton_Wanderers_FC_logo.svg.png,#313e7c,width:40px;height:40px;
Bradford City AFC,https://upload.wikimedia.org/wikipedia/en/thumb/0/04/Bradford_City_AFC_crest.svg/320px-Bradford_City_AFC_crest.svg.png,#e6ae36,width:40px;height:40px;
Brentford FC,https://upload.wikimedia.org/wikipedia/en/thumb/2/2a/Brentford_FC_crest.svg/400px-Brentford_FC_crest.svg.png,#a50000,width:40px;height:40px;
Brighton & Hove Albion FC,https://upload.wikimedia.org/wikipedia/en/thumb/d/d0/Brighton_and_Hove_Albion_FC_crest.svg/500px-Brighton_and_Hove_Albion_FC_crest.svg.png,#355ca5,width:40px;height:40px;
Burnley FC,https://upload.wikimedia.org/wikipedia/en/thumb/6/6d/Burnley_FC_Logo.svg/400px-Burnley_FC_Logo.svg.png,#510042,width:35px;height:40px;
Cardiff City FC,https://upload.wikimedia.org/wikipedia/en/thumb/3/3c/Cardiff_City_crest.svg/400px-Cardiff_City_crest.svg.png,#3e59aa,width:40px;height:40px;
Charlton Athletic FC,https://upload.wikimedia.org/wikipedia/en/thumb/f/f5/Charlton_Athletic_FC_crest.svg/400px-Charlton_Athletic_FC_crest.svg.png,#b92d2d,width:40px;height:40px;
Chelsea FC,https://upload.wikimedia.org/wikipedia/en/thumb/c/cc/Chelsea_FC.svg/500px-Chelsea_FC.svg.png,#071a84,width:40px;height:40px;
Coventry City FC,https://upload.wikimedia.org/wikipedia/en/thumb/7/7b/Coventry_City_FC_crest.svg/290px-Coventry_City_FC_crest.svg.png,#599dd8,width:35px;height:40px;
Crystal Palace FC,https://upload.wikimedia.org/wikipedia/en/thumb/a/a2/Crystal_Palace_FC_logo_%282022%29.svg/500px-Crystal_Palace_FC_logo_%282022%29.svg.png,#3055a0,width:40px;height:40px;
Derby County FC,https://upload.wikimedia.org/wikipedia/en/thumb/4/4a/Derby_County_crest.svg/460px-Derby_County_crest.svg.png,#000001,width:40px;height:40px;
Everton FC,https://upload.wikimedia.org/wikipedia/en/thumb/7/7c/Everton_FC_logo.svg/500px-Everton_FC_logo.svg.png,#000099,width:40px;height:40px;
Fulham FC,https://upload.wikimedia.org/wikipedia/en/thumb/e/eb/Fulham_FC_%28shield%29.svg/330px-Fulham_FC_%28shield%29.svg.png,#000000,width:40px;height:45px;
Huddersfield Town AFC,https://upload.wikimedia.org/wikipedia/en/thumb/4/43/Huddersfield_Town_AFC_crest.svg/300px-Huddersfield_Town_AFC_crest.svg.png,#477ef4,width:30px;height:40px;
Hull City AFC,https://upload.wikimedia.org/wikipedia/en/thumb/5/54/Hull_City_A.F.C._logo.svg/340px-Hull_City_A.F.C._logo.svg.png,#d98920,width:40px;height:40px;
Ipswich Town FC,https://upload.wikimedia.org/wikipedia/en/thumb/4/43/Ipswich_Town.svg/340px-Ipswich_Town.svg.png,#4b649f,width:35px;height:40px;
Leeds United AFC,https://upload.wikimedia.org/wikipedia/en/thumb/5/54/Leeds_United_F.C._logo.svg/500px-Leeds_United_F.C._logo.svg.png,#f4db3a,width:35px;height:45px;
Leicester City FC,https://upload.wikimedia.org/wikipedia/en/thumb/2/2d/Leicester_City_crest.svg/400px-Leicester_City_crest.svg.png,#ecbc31,width:40px;height:40px;
Liverpool FC,https://upload.wikimedia.org/wikipedia/en/thumb/0/0c/Liverpool_FC.svg/400px-Liverpool_FC.svg.png,#bf0101,width:45px;height:55px;
Luton Town FC,https://upload.wikimedia.org/wikipedia/en/thumb/9/9d/Luton_Town_logo.svg/400px-Luton_Town_logo.svg.png,#dd430a,width:40px;height:40px;
Manchester City FC,https://upload.wikimedia.org/wikipedia/en/thumb/e/eb/Manchester_City_FC_badge.svg/500px-Manchester_City_FC_badge.svg.png,#93bcea,width:40px;height:40px;
Manchester United FC,https://upload.wikimedia.org/wikipedia/en/thumb/7/7a/Manchester_United_FC_crest.svg/500px-Manchester_United_FC_crest.svg.png,#f4de35,width:40px;height:40px;
Middlesbrough FC,https://upload.wikimedia.org/wikipedia/en/thumb/2/2c/Middlesbrough_FC_crest.svg/400px-Middlesbrough_FC_crest.svg.png,#db0001,width:40px;height:40px;
Newcastle United FC,https://upload.wikimedia.org/wikipedia/en/thumb/5/56/Newcastle_United_Logo.svg/500px-Newcastle_United_Logo.svg.png,#030303,width:40px;height:40px;
Norwich City FC,https://upload.wikimedia.org/wikipedia/en/thumb/1/17/Norwich_City_FC_logo.svg/340px-Norwich_City_FC_logo.svg.png,#4f8b46,width:35px;height:40px;
Nottingham Forest FC,https://upload.wikimedia.org/wikipedia/en/thumb/e/e5/Nottingham_Forest_F.C._logo.svg/250px-Nottingham_Forest_F.C._logo.svg.png,#bc0000,width:30px;height:50px;
Oldham Athletic AFC,https://upload.wikimedia.org/wikipedia/en/thumb/a/a2/Oldham_Athletic_AFC_%28emblem%29.svg/220px-Oldham_Athletic_AFC_%28emblem%29.svg.png,#2846fa,width:30px;height:40px;
Portsmouth FC,https://upload.wikimedia.org/wikipedia/en/thumb/3/38/Portsmouth_FC_logo.svg/420px-Portsmouth_FC_logo.svg.png,#344097,width:40px;height:40px;
Queens Park Rangers FC,https://upload.wikimedia.org/wikipedia/en/thumb/3/31/Queens_Park_Rangers_crest.svg/410px-Queens_Park_Rangers_crest.svg.png,#0000e1,width:40px;height:40px;
Reading FC,https://upload.wikimedia.org/wikipedia/en/thumb/1/11/Reading_FC.svg/400px-Reading_FC.svg.png,#bd1d41,width:40px;height:40px;
Sheffield United FC,https://upload.wikimedia.org/wikipedia/en/thumb/9/9c/Sheffield_United_FC_logo.svg/400px-Sheffield_United_FC_logo.svg.png,#cb272c,width:40px;height:40px;
Sheffield Wednesday FC,https://upload.wikimedia.org/wikipedia/en/thumb/8/88/Sheffield_Wednesday_badge.svg/280px-Sheffield_Wednesday_badge.svg.png,#5c80cb,width:35px;height:40px;
Southampton FC,https://upload.wikimedia.org/wikipedia/en/thumb/c/c9/FC_Southampton.svg/400px-FC_Southampton.svg.png,#cb203c,width:40px;height:40px;
Stoke City FC,https://upload.wikimedia.org/wikipedia/en/thumb/5/5e/Stoke_City_FC_crest_2001.svg/350px-Stoke_City_FC_crest_2001.svg.png,#b11a31,width:40px;height:40px;
Sunderland AFC,https://upload.wikimedia.org/wikipedia/en/thumb/7/77/Logo_Sunderland.svg/960px-Logo_Sunderland.svg.png,#db0000,width:40px;height:40px;
Swansea City AFC,https://upload.wikimedia.org/wikipedia/en/thumb/f/f9/Swansea_City_AFC_logo.svg/420px-Swansea_City_AFC_logo.svg.png,#000002,width:40px;height:40px;
Swindon Town FC,https://upload.wikimedia.org/wikipedia/en/thumb/a/a3/Swindon_Town_FC.svg/400px-Swindon_Town_FC.svg.png,#bd1d21,width:40px;height:40px;
Tottenham Hotspur FC,https://upload.wikimedia.org/wikipedia/en/thumb/b/b4/Tottenham_Hotspur.svg/330px-Tottenham_Hotspur.svg.png,#1e2756,width:30px;height:45px;
Watford FC,https://upload.wikimedia.org/wikipedia/en/thumb/e/e2/Watford.svg/380px-Watford.svg.png,#f7ed21,width:40px;height:40px;
West Bromwich Albion FC,https://upload.wikimedia.org/wikipedia/en/thumb/8/8b/West_Bromwich_Albion.svg/340px-West_Bromwich_Albion.svg.png,#101b53,width:35px;height:40px;
West Ham United FC,https://upload.wikimedia.org/wikipedia/en/thumb/c/c2/West_Ham_United_FC_logo.svg/500px-West_Ham_United_FC_logo.svg.png,#6b2f3c,width:40px;height:45px;
Wigan Athletic AFC,https://upload.wikimedia.org/wikipedia/en/thumb/4/43/Wigan_Athletic.svg/400px-Wigan_Athletic.svg.png,#395aab,width:40px;height:40px;
Wimbledon FC,https://upload.wikimedia.org/wikipedia/en/thumb/b/b3/Wimbledon_FC_crest.svg/300px-Wimbledon_FC_crest.svg.png,#0000fb,width:40px;height:40px;
Wolverhampton Wanderers FC,https://upload.wikimedia.org/wikipedia/en/thumb/c/c9/Wolverhampton_Wanderers_FC_crest.svg/500px-Wolverhampton_Wanderers_FC_crest.svg.png,#edb831,width:45px;height:40px;
